-- phpMyAdmin SQL Dump
-- version 5.0.2
-- https://www.phpmyadmin.net/
--
-- Host: 127.0.0.1
-- Generation Time: Jul 21, 2020 at 09:48 PM
-- Server version: 10.4.13-MariaDB
-- PHP Version: 7.3.19

SET SQL_MODE = "NO_AUTO_VALUE_ON_ZERO";
START TRANSACTION;
SET time_zone = "+00:00";


/*!40101 SET @OLD_CHARACTER_SET_CLIENT=@@CHARACTER_SET_CLIENT */;
/*!40101 SET @OLD_CHARACTER_SET_RESULTS=@@CHARACTER_SET_RESULTS */;
/*!40101 SET @OLD_COLLATION_CONNECTION=@@COLLATION_CONNECTION */;
/*!40101 SET NAMES utf8mb4 */;

--
-- Database: `eapi`
--

-- --------------------------------------------------------

--
-- Table structure for table `failed_jobs`
--

CREATE TABLE `failed_jobs` (
  `id` bigint(20) UNSIGNED NOT NULL,
  `connection` text COLLATE utf8mb4_unicode_ci NOT NULL,
  `queue` text COLLATE utf8mb4_unicode_ci NOT NULL,
  `payload` longtext COLLATE utf8mb4_unicode_ci NOT NULL,
  `exception` longtext COLLATE utf8mb4_unicode_ci NOT NULL,
  `failed_at` timestamp NOT NULL DEFAULT current_timestamp()
) ENGINE=InnoDB DEFAULT CHARSET=utf8mb4 COLLATE=utf8mb4_unicode_ci;

-- --------------------------------------------------------

--
-- Table structure for table `migrations`
--

CREATE TABLE `migrations` (
  `id` int(10) UNSIGNED NOT NULL,
  `migration` varchar(255) COLLATE utf8mb4_unicode_ci NOT NULL,
  `batch` int(11) NOT NULL
) ENGINE=InnoDB DEFAULT CHARSET=utf8mb4 COLLATE=utf8mb4_unicode_ci;

--
-- Dumping data for table `migrations`
--

INSERT INTO `migrations` (`id`, `migration`, `batch`) VALUES
(1, '2014_10_12_000000_create_users_table', 1),
(2, '2019_08_19_000000_create_failed_jobs_table', 1),
(3, '2020_07_20_205712_create_products_table', 2);

-- --------------------------------------------------------

--
-- Table structure for table `products`
--

CREATE TABLE `products` (
  `id` int(10) UNSIGNED NOT NULL,
  `name` varchar(255) COLLATE utf8mb4_unicode_ci NOT NULL,
  `details` text COLLATE utf8mb4_unicode_ci NOT NULL,
  `price` int(11) NOT NULL,
  `stock` int(11) NOT NULL,
  `discount` int(11) NOT NULL,
  `created_at` timestamp NULL DEFAULT NULL,
  `updated_at` timestamp NULL DEFAULT NULL
) ENGINE=InnoDB DEFAULT CHARSET=utf8mb4 COLLATE=utf8mb4_unicode_ci;

--
-- Dumping data for table `products`
--

INSERT INTO `products` (`id`, `name`, `details`, `price`, `stock`, `discount`, `created_at`, `updated_at`) VALUES
(1, 'nisi', 'Est inventore dolore aut. Illum rerum quas dolorum iste accusantium labore enim. Nesciunt illum rem voluptatem sed. Voluptatem dolorem deserunt voluptatum voluptatem ullam omnis.', 680, 0, 5, '2020-07-21 23:44:42', '2020-07-21 23:44:42'),
(2, 'dolorum', 'Sit quis voluptas et ut quas. Et omnis voluptatibus neque neque et aperiam. Accusamus eaque illum adipisci dolorem perspiciatis enim. Est iste aut dolores iusto iste.', 495, 2, 27, '2020-07-21 23:44:42', '2020-07-21 23:44:42'),
(3, 'quibusdam', 'Veniam atque ratione ut qui voluptatum. Laboriosam laudantium iure recusandae maiores ea rem. Sunt necessitatibus cupiditate ut iure tenetur commodi est officiis.', 573, 6, 6, '2020-07-21 23:44:42', '2020-07-21 23:44:42'),
(4, 'qui', 'Ut ut voluptatem est et voluptates natus. Corrupti ad omnis quia illo et ut vel. Ut doloremque delectus cupiditate sit soluta est quae dolores. Ipsa eligendi illum ex dolore maiores quam delectus.', 970, 2, 6, '2020-07-21 23:44:42', '2020-07-21 23:44:42'),
(5, 'blanditiis', 'Odio ut impedit autem eius. Ea perspiciatis expedita architecto. Sint provident aliquid sunt maxime. Inventore quis rerum commodi non laborum.', 650, 5, 8, '2020-07-21 23:44:42', '2020-07-21 23:44:42'),
(6, 'hic', 'Iure dolor eveniet enim beatae. Sed voluptatem velit commodi voluptatem.', 891, 1, 20, '2020-07-21 23:44:42', '2020-07-21 23:44:42'),
(7, 'non', 'Non velit expedita quidem non molestiae minima sunt vitae. Quo aut repellat voluptatem minima animi. Rem in accusamus eum deleniti. Nobis aperiam vel provident tempore dolorem ea.', 103, 2, 24, '2020-07-21 23:44:42', '2020-07-21 23:44:42'),
(8, 'et', 'Ipsam quasi odit architecto in magni. Voluptatum qui mollitia nobis. Fugiat aliquam est nam at aut. Ullam consequatur fugiat qui nemo autem aut quam.', 784, 3, 26, '2020-07-21 23:44:42', '2020-07-21 23:44:42'),
(9, 'ab', 'Commodi quaerat eius laborum neque officia non fugit fugiat. In vel dignissimos quia accusamus culpa consequatur aliquid. Ut quo deserunt recusandae id. Voluptas culpa doloribus quo amet. Eum vel nemo dolorum doloremque libero aspernatur deserunt rem.', 909, 2, 4, '2020-07-21 23:44:42', '2020-07-21 23:44:42'),
(10, 'magnam', 'Omnis dolorem et ab hic et ipsa necessitatibus. Eos eius debitis quasi laborum est aut aut asperiores. Distinctio sed veniam qui facilis fuga. Voluptatum velit quisquam sunt ut.', 866, 3, 15, '2020-07-21 23:44:42', '2020-07-21 23:44:42'),
(11, 'quidem', 'Ullam velit dolor explicabo odit dolores molestiae. Et ad quidem non nam. Ut quidem explicabo dolor repellat quam ut aut. Unde fuga libero ea cumque. Nisi qui rerum ducimus qui et impedit quaerat cumque.', 716, 1, 7, '2020-07-21 23:44:42', '2020-07-21 23:44:42'),
(12, 'eveniet', 'Natus ut non eos quasi labore porro. Quasi minima cupiditate est provident ut maiores. Est culpa maiores dolor modi veniam sed nihil. Voluptas hic perspiciatis quis iusto repellat cupiditate quia.', 590, 8, 17, '2020-07-21 23:44:42', '2020-07-21 23:44:42'),
(13, 'repellat', 'Quo possimus ab accusantium delectus quis ut recusandae perspiciatis. Autem aperiam enim quia necessitatibus temporibus vitae. Est voluptatem quibusdam quis eligendi. Non labore vero vel. Animi et accusamus sit et possimus.', 521, 1, 10, '2020-07-21 23:44:42', '2020-07-21 23:44:42'),
(14, 'consequatur', 'Pariatur voluptates labore suscipit aut fuga. Repellendus velit ab qui reprehenderit nostrum neque aliquam. Libero quos dolorem cum fugiat aut aut delectus molestiae. Omnis quam sit autem quasi quisquam deleniti.', 162, 1, 3, '2020-07-21 23:44:42', '2020-07-21 23:44:42'),
(15, 'non', 'Autem ut et occaecati perspiciatis et voluptatem. Omnis et omnis cumque qui ex corrupti. Doloremque voluptas eligendi assumenda voluptatibus rerum. Voluptatem sequi dolorem aut qui commodi illo voluptatem.', 636, 4, 21, '2020-07-21 23:44:42', '2020-07-21 23:44:42'),
(16, 'dignissimos', 'Voluptas eum reprehenderit dolores perspiciatis tempore numquam consectetur dolor. Non culpa dolorem qui vel voluptates consequatur. Voluptates voluptatem amet officia necessitatibus numquam consequatur blanditiis ut. Saepe rerum et enim deserunt deleniti.', 166, 8, 26, '2020-07-21 23:44:42', '2020-07-21 23:44:42'),
(17, 'eius', 'Quaerat veniam ipsam soluta voluptas ex incidunt. Et vitae laudantium nam id sed. Id aliquam omnis qui odit et necessitatibus. Quia maiores explicabo facere ea est.', 562, 4, 26, '2020-07-21 23:44:42', '2020-07-21 23:44:42'),
(18, 'sed', 'Blanditiis quia aperiam exercitationem provident porro aut tempora officia. Saepe modi deserunt est. Optio ab quas minima molestiae voluptate.', 185, 8, 6, '2020-07-21 23:44:42', '2020-07-21 23:44:42'),
(19, 'unde', 'Molestiae voluptates quibusdam illo. Eum delectus rem quia numquam vitae. Provident quibusdam architecto incidunt et qui et magnam.', 389, 8, 22, '2020-07-21 23:44:42', '2020-07-21 23:44:42'),
(20, 'qui', 'Debitis aut et quo velit excepturi voluptatibus. Iure voluptatem labore quibusdam rerum.', 704, 3, 8, '2020-07-21 23:44:42', '2020-07-21 23:44:42'),
(21, 'laborum', 'Ut nisi architecto mollitia sunt quae id. Sint iure cum reprehenderit doloremque. Placeat voluptatem qui debitis amet et facere magni. Odio ut cupiditate facere est odit vitae.', 876, 4, 9, '2020-07-21 23:44:42', '2020-07-21 23:44:42'),
(22, 'enim', 'Impedit blanditiis qui qui. Eaque nobis asperiores voluptatum sequi excepturi. Tenetur asperiores dolorem necessitatibus animi consequatur.', 131, 7, 17, '2020-07-21 23:44:42', '2020-07-21 23:44:42'),
(23, 'doloremque', 'Totam minus dignissimos accusantium iusto. Explicabo et perferendis rerum praesentium aut sed quia ad. Exercitationem adipisci est nam corrupti. Qui itaque iste quam explicabo. Eius voluptatem ut quia fugit deleniti est eaque.', 503, 5, 8, '2020-07-21 23:44:42', '2020-07-21 23:44:42'),
(24, 'blanditiis', 'Harum ab ipsum blanditiis labore sit. Sunt aut sapiente aspernatur corrupti iusto sunt voluptatem. Eveniet eveniet occaecati ducimus ut sed molestias nemo exercitationem. Quas inventore dolorum rem. Aperiam perferendis laborum quam repellat.', 198, 4, 22, '2020-07-21 23:44:42', '2020-07-21 23:44:42'),
(25, 'sunt', 'Enim eum nihil aut error recusandae. Dolores magnam libero quia. Non natus voluptas qui tempore molestiae magni praesentium atque.', 239, 8, 2, '2020-07-21 23:44:42', '2020-07-21 23:44:42'),
(26, 'voluptate', 'Voluptatem atque dolorem numquam. Atque autem quibusdam fuga eveniet harum asperiores ut. Illo architecto expedita id quia sed. Eos explicabo assumenda unde exercitationem reprehenderit excepturi.', 505, 7, 19, '2020-07-21 23:44:42', '2020-07-21 23:44:42'),
(27, 'impedit', 'Odit pariatur cupiditate quas. Distinctio autem recusandae doloribus earum ratione. Enim quis quia occaecati dolores. Voluptatibus laborum est explicabo dolore at velit at et.', 165, 9, 6, '2020-07-21 23:44:42', '2020-07-21 23:44:42'),
(28, 'occaecati', 'Mollitia et odit ex vel accusantium necessitatibus autem consequuntur. Cupiditate sit ea dolores voluptatum qui quidem provident. Ea sequi vero recusandae est aut in. Ea voluptas quibusdam similique.', 219, 2, 2, '2020-07-21 23:44:42', '2020-07-21 23:44:42'),
(29, 'aspernatur', 'Similique necessitatibus rerum explicabo accusantium. Provident repellendus deserunt dolore iste reprehenderit id ipsum. Id rem et modi numquam sit aut.', 741, 6, 20, '2020-07-21 23:44:42', '2020-07-21 23:44:42'),
(30, 'hic', 'Animi illum dolorem saepe ducimus. Est quis cupiditate corrupti harum quibusdam enim. Quos blanditiis doloribus ullam dolore nulla unde debitis. Enim incidunt et sed occaecati deserunt et.', 708, 4, 10, '2020-07-21 23:44:42', '2020-07-21 23:44:42'),
(31, 'harum', 'Placeat sit architecto occaecati. Quia sed doloribus quis quis cumque. Quia enim rerum dolores reiciendis nisi mollitia.', 695, 8, 15, '2020-07-21 23:44:42', '2020-07-21 23:44:42'),
(32, 'itaque', 'Aliquam qui velit dolorum saepe ut blanditiis atque. Debitis corrupti harum quo quia sit molestiae dolores.', 914, 6, 15, '2020-07-21 23:44:42', '2020-07-21 23:44:42'),
(33, 'ipsa', 'Et ab distinctio dolores ratione harum officiis temporibus deserunt. Dolor dolore eum ea adipisci laboriosam. Non sed fugit magni sed.', 751, 2, 17, '2020-07-21 23:44:42', '2020-07-21 23:44:42'),
(34, 'soluta', 'Vero facere a nesciunt voluptas quos. Voluptas sunt pariatur esse suscipit. Et libero et omnis et qui dolorum doloremque. Tempore eos non est et autem. Porro hic reiciendis eos quidem consequatur.', 108, 2, 5, '2020-07-21 23:44:42', '2020-07-21 23:44:42'),
(35, 'excepturi', 'Fuga eos animi sit ex aliquam id id. Distinctio atque aut quis. Nulla quam alias expedita rem quasi quod.', 156, 6, 2, '2020-07-21 23:44:42', '2020-07-21 23:44:42'),
(36, 'ea', 'Perferendis voluptas atque vero laboriosam omnis. Aut nihil numquam deserunt minus dolores eum. Quod quis assumenda iusto cum sequi accusamus.', 154, 4, 24, '2020-07-21 23:44:42', '2020-07-21 23:44:42'),
(37, 'libero', 'Ut dignissimos alias cupiditate qui facere quia sed voluptatibus. Ea exercitationem et mollitia ad. Aspernatur molestias ut repudiandae voluptas similique. Et et dolorem non. Nihil velit repellendus voluptate molestiae inventore et.', 165, 5, 25, '2020-07-21 23:44:42', '2020-07-21 23:44:42'),
(38, 'ratione', 'Accusantium et quam ex nam. Voluptatem neque adipisci id veniam odit autem et deleniti. Nihil libero reiciendis quo ducimus.', 134, 1, 23, '2020-07-21 23:44:42', '2020-07-21 23:44:42'),
(39, 'ut', 'Accusantium repellat voluptatibus recusandae sunt. Omnis rerum aut dolor et ut aperiam eos. Aliquam consectetur eius accusantium ut esse maiores sapiente culpa. Totam praesentium architecto sint unde aperiam suscipit.', 126, 6, 9, '2020-07-21 23:44:42', '2020-07-21 23:44:42'),
(40, 'aut', 'Iusto omnis et aut culpa quia beatae reiciendis. Vel velit velit illum quis. Voluptatibus molestias similique quia odio unde. In sit fuga in.', 441, 4, 26, '2020-07-21 23:44:42', '2020-07-21 23:44:42'),
(41, 'deleniti', 'Quia velit occaecati cum qui. Pariatur magni dolor temporibus expedita expedita voluptatum quis id. Fugit ut id consequatur in eius corporis et.', 412, 7, 17, '2020-07-21 23:44:42', '2020-07-21 23:44:42'),
(42, 'officiis', 'Autem ea beatae hic fugiat itaque et nesciunt sed. Nam ipsam veniam atque enim nihil veritatis. Non cum ut quas omnis amet sapiente.', 530, 3, 4, '2020-07-21 23:44:42', '2020-07-21 23:44:42'),
(43, 'id', 'Ut sunt omnis sunt et. Eaque enim et est laboriosam tempora mollitia nulla. Corporis necessitatibus et id excepturi commodi quisquam.', 206, 6, 5, '2020-07-21 23:44:42', '2020-07-21 23:44:42'),
(44, 'enim', 'Porro eos nostrum quasi inventore hic. Minima harum quisquam voluptatem consequuntur ea. Commodi voluptas nam et nam et voluptatem iure.', 488, 3, 29, '2020-07-21 23:44:42', '2020-07-21 23:44:42'),
(45, 'numquam', 'Ab voluptatibus minus libero labore quis qui quo. Architecto ad quae id in. Est ullam mollitia dolor non eos.', 612, 2, 2, '2020-07-21 23:44:42', '2020-07-21 23:44:42'),
(46, 'non', 'Temporibus a ut nesciunt reprehenderit enim. Quos minima rerum et ut commodi. Hic rerum autem accusamus consequatur.', 933, 4, 19, '2020-07-21 23:44:43', '2020-07-21 23:44:43'),
(47, 'quia', 'Eos dolore ea quidem quae. Eveniet delectus aliquam ad ipsam itaque.', 921, 0, 5, '2020-07-21 23:44:43', '2020-07-21 23:44:43'),
(48, 'vel', 'Unde consequatur itaque veritatis et fugiat. Officiis omnis ut quam est alias. Fugit labore tempore adipisci sunt aut inventore velit. Est quo accusamus quod reiciendis et molestias labore. Ullam voluptatem magni aspernatur autem in.', 763, 1, 17, '2020-07-21 23:44:43', '2020-07-21 23:44:43'),
(49, 'qui', 'Ab impedit aspernatur natus sunt culpa deleniti. Et ipsa vel sed quia fugit omnis et. Atque ducimus maxime eum sequi.', 984, 2, 12, '2020-07-21 23:44:43', '2020-07-21 23:44:43'),
(50, 'excepturi', 'Facere aut voluptas consequuntur adipisci odio omnis aspernatur. Sequi aut atque sapiente aut aut et vel. Corrupti sunt porro nihil iure. Nam aspernatur voluptate impedit.', 315, 3, 21, '2020-07-21 23:44:43', '2020-07-21 23:44:43'),
(51, 'aliquam', 'Aspernatur consequatur vel quo quo numquam excepturi incidunt. Necessitatibus nostrum ratione sunt ut qui. Temporibus soluta dolores quod non totam repellat aliquid.', 972, 1, 20, '2020-07-21 23:47:09', '2020-07-21 23:47:09'),
(52, 'perferendis', 'Ut voluptatem vel quos amet. Quia eveniet fugit veritatis ex et. Qui tenetur itaque sed corporis consectetur et.', 937, 6, 12, '2020-07-21 23:47:09', '2020-07-21 23:47:09'),
(53, 'omnis', 'Facilis quia consequatur fugiat aliquam iste iure. Enim magnam explicabo voluptatem dolorem sint sit. Consequatur voluptatibus praesentium non animi dolor.', 198, 5, 2, '2020-07-21 23:47:09', '2020-07-21 23:47:09'),
(54, 'inventore', 'Officiis enim a labore quod ipsum. Tempore et quod et eos. Aut consequatur ullam a est eos. Illum delectus et id est quasi iusto.', 953, 5, 9, '2020-07-21 23:47:09', '2020-07-21 23:47:09'),
(55, 'eligendi', 'Culpa molestiae autem quos tenetur non vel amet. Velit voluptatem nihil quis omnis molestiae eos. Eaque est voluptate consequatur. Similique labore voluptate et quis enim.', 562, 0, 6, '2020-07-21 23:47:09', '2020-07-21 23:47:09'),
(56, 'officiis', 'Alias itaque quibusdam mollitia fugit sequi enim. Rerum dolorem ex voluptate quia similique. Eaque rerum dolorum cumque sit eaque.', 336, 7, 7, '2020-07-21 23:47:09', '2020-07-21 23:47:09'),
(57, 'inventore', 'Et rerum et autem. Quis dolor ipsum quia ut assumenda. Inventore assumenda iusto assumenda repellendus tempore aperiam est quia.', 569, 2, 2, '2020-07-21 23:47:09', '2020-07-21 23:47:09'),
(58, 'odit', 'Cupiditate repellat id exercitationem rerum maiores est error. Voluptatum repellat tempore rerum ut odit dolores corrupti. Tenetur aliquid omnis illum voluptas magni.', 340, 7, 22, '2020-07-21 23:47:09', '2020-07-21 23:47:09'),
(59, 'in', 'Ut cumque inventore voluptates voluptatem. Et molestiae cum magnam atque consequatur. Cupiditate ut architecto optio et ullam ut voluptatem. Dolores reiciendis autem fugit fugiat perferendis fuga rerum.', 241, 8, 2, '2020-07-21 23:47:09', '2020-07-21 23:47:09'),
(60, 'corrupti', 'Dolor officia ut sed dolorem soluta alias. Veniam fuga mollitia ut iusto enim adipisci odio. Ut nam eos eum ullam. Neque in soluta vel velit quam.', 819, 2, 23, '2020-07-21 23:47:10', '2020-07-21 23:47:10'),
(61, 'corporis', 'Quia iste harum repudiandae est sit. Voluptatem minus adipisci ea aut consequatur. Et adipisci sit enim est et.', 742, 8, 26, '2020-07-21 23:47:10', '2020-07-21 23:47:10'),
(62, 'sequi', 'Consequuntur enim eos similique quis voluptate aut. Dolorum nihil nobis corrupti perspiciatis. Ducimus placeat culpa libero. Esse quo expedita consequatur facere quis aut consequatur. Ipsum iste minima rerum nihil magni exercitationem.', 859, 5, 15, '2020-07-21 23:47:10', '2020-07-21 23:47:10'),
(63, 'esse', 'Magni voluptas nostrum illo doloribus doloribus deserunt ut facilis. Sed commodi et dicta voluptatem dignissimos eum rerum. Voluptatum commodi non sed nihil nihil. Minus ex reprehenderit veritatis aut assumenda tempore beatae dolor.', 666, 6, 6, '2020-07-21 23:47:10', '2020-07-21 23:47:10'),
(64, 'nesciunt', 'Quis sit enim temporibus fugiat. Pariatur et expedita alias quos facilis eaque natus. Eaque cupiditate minus maxime. Eveniet sit nulla voluptatibus ipsa.', 770, 6, 21, '2020-07-21 23:47:10', '2020-07-21 23:47:10'),
(65, 'voluptatem', 'Et vero at non nobis velit et autem. Enim eum at qui impedit et mollitia. Dicta explicabo ratione qui optio incidunt. Consequatur explicabo omnis sit.', 571, 1, 5, '2020-07-21 23:47:10', '2020-07-21 23:47:10'),
(66, 'nemo', 'Ex nostrum dolorem voluptatum provident perferendis. Aperiam molestiae culpa unde ratione possimus doloribus officia distinctio. Sint pariatur et aliquam natus aut ducimus perspiciatis excepturi. Asperiores dolor porro neque eum quis.', 531, 0, 27, '2020-07-21 23:47:10', '2020-07-21 23:47:10'),
(67, 'et', 'Cupiditate qui quia molestiae autem repellat ea. Ipsum ut nulla perferendis molestiae vel. Omnis unde possimus error impedit tempora. Et omnis totam explicabo.', 987, 1, 9, '2020-07-21 23:47:10', '2020-07-21 23:47:10'),
(68, 'voluptatibus', 'Alias voluptate officia et hic. Accusantium omnis ut veritatis error inventore expedita reprehenderit recusandae. Neque minima earum qui quo minima aut pariatur aut.', 192, 3, 10, '2020-07-21 23:47:10', '2020-07-21 23:47:10'),
(69, 'dolorem', 'Vel deserunt libero quia in impedit. Atque magnam saepe similique reprehenderit sit iste ex et.', 825, 3, 24, '2020-07-21 23:47:10', '2020-07-21 23:47:10'),
(70, 'illum', 'Aspernatur ipsum adipisci aut qui. Sunt eius saepe dolor dolores modi nihil. Repudiandae quos sit id nemo nisi. Omnis maxime adipisci ea.', 911, 5, 23, '2020-07-21 23:47:10', '2020-07-21 23:47:10'),
(71, 'quo', 'Est sed explicabo mollitia tempora veniam. Pariatur saepe explicabo quis. Ut dolorem voluptatum nihil error nostrum dolorem.', 736, 6, 14, '2020-07-21 23:47:10', '2020-07-21 23:47:10'),
(72, 'eos', 'Tempora sit dicta excepturi recusandae repellat itaque explicabo. Et provident nesciunt quia eos similique ut. Illum et et corporis ut praesentium unde numquam. Corporis exercitationem tenetur quia ipsa.', 501, 5, 8, '2020-07-21 23:47:10', '2020-07-21 23:47:10'),
(73, 'nobis', 'Tempore architecto est ut maiores maiores. Et expedita aut nisi voluptatem quae hic. Tenetur aut sed qui et quo quo et minus.', 975, 0, 29, '2020-07-21 23:47:10', '2020-07-21 23:47:10'),
(74, 'voluptas', 'Quaerat ipsam voluptates odit. Modi iusto similique corrupti repellendus. Fugiat at id odio. Autem ut quia omnis nihil explicabo. Corporis eaque dicta quibusdam.', 746, 8, 5, '2020-07-21 23:47:10', '2020-07-21 23:47:10'),
(75, 'sed', 'Beatae consequuntur unde dicta sint. Ut cupiditate sit amet ea dicta. In quasi quia eum totam. Aspernatur et deserunt sequi eligendi odit culpa pariatur.', 716, 9, 14, '2020-07-21 23:47:10', '2020-07-21 23:47:10'),
(76, 'similique', 'Fugiat asperiores nobis officiis eaque. Et dicta distinctio non ad fugit iusto. Qui ut culpa eveniet est. Quidem sed et eum numquam quam blanditiis ut. Magni ratione quo qui qui et eaque.', 945, 9, 10, '2020-07-21 23:47:10', '2020-07-21 23:47:10'),
(77, 'excepturi', 'Eos omnis aut aut. Possimus veritatis odit dolore sit ipsa.', 125, 6, 21, '2020-07-21 23:47:10', '2020-07-21 23:47:10'),
(78, 'sint', 'Nihil qui exercitationem inventore. Aut aspernatur est autem doloremque. Veniam eum repellendus aliquam at molestias rerum. Et dolore est molestias excepturi et qui rem. Illum et esse nulla debitis et sint.', 488, 2, 20, '2020-07-21 23:47:10', '2020-07-21 23:47:10'),
(79, 'repellat', 'Tempore facilis quam quisquam aspernatur temporibus doloribus fugiat. Fugit est porro autem occaecati et. Adipisci magni officiis vel non.', 623, 2, 26, '2020-07-21 23:47:10', '2020-07-21 23:47:10'),
(80, 'ullam', 'Possimus dolores tenetur sunt sint dolor optio. Repellat necessitatibus debitis maxime et deleniti itaque natus. Rerum quo fugit est atque excepturi qui optio. Autem qui sit ab nobis incidunt mollitia adipisci qui.', 843, 7, 21, '2020-07-21 23:47:10', '2020-07-21 23:47:10'),
(81, 'autem', 'Ea dolores ut voluptatem ratione quibusdam mollitia totam. Magnam labore illum nam molestiae sed. Consequatur eveniet ut accusantium odit adipisci.', 242, 6, 11, '2020-07-21 23:47:10', '2020-07-21 23:47:10'),
(82, 'occaecati', 'Itaque non aperiam eos voluptas voluptatibus. Voluptatem dolore laudantium neque voluptatem quia qui. Repellat aut placeat et non molestiae quia sit. Laborum natus quibusdam maxime et nobis.', 165, 6, 7, '2020-07-21 23:47:10', '2020-07-21 23:47:10'),
(83, 'harum', 'Adipisci quo quam numquam corporis delectus eos magni aut. Ex exercitationem voluptate aut similique omnis aut dicta aliquam. Unde sint et quaerat dolor eum nobis.', 460, 8, 16, '2020-07-21 23:47:10', '2020-07-21 23:47:10'),
(84, 'ullam', 'Nam porro ipsam possimus cum. Rerum laudantium aut et omnis sit. Nobis odit et nobis labore voluptas et voluptates. Quia at ipsum rerum rem eum in.', 412, 8, 23, '2020-07-21 23:47:10', '2020-07-21 23:47:10'),
(85, 'laboriosam', 'Quaerat rem a labore dignissimos laborum iure tempora. Quisquam quasi libero magnam facere consequatur porro. Aut reiciendis cumque adipisci sed delectus et quidem.', 719, 5, 26, '2020-07-21 23:47:10', '2020-07-21 23:47:10'),
(86, 'iusto', 'Ut incidunt non fuga vitae aperiam. Tempora quidem adipisci et aut. Excepturi ut quis odio nihil quo. Sit odio facilis nostrum cumque in.', 839, 3, 28, '2020-07-21 23:47:10', '2020-07-21 23:47:10'),
(87, 'laborum', 'Voluptatibus rerum adipisci error voluptatum aspernatur. Voluptatem et quis dolor ut temporibus qui tempore. Voluptatem voluptatem vitae saepe et iste. Veritatis id dignissimos ut porro. Omnis facere explicabo natus est.', 195, 8, 8, '2020-07-21 23:47:10', '2020-07-21 23:47:10'),
(88, 'aut', 'Accusantium et inventore laboriosam. Aut nihil ipsam ab quidem enim nesciunt odit. Cumque deleniti natus error perferendis harum quia. Suscipit aspernatur qui sed repellat modi dolores.', 293, 6, 20, '2020-07-21 23:47:10', '2020-07-21 23:47:10'),
(89, 'id', 'Quam eum ut alias maiores. Sed libero quo culpa ut repudiandae consectetur.', 315, 3, 17, '2020-07-21 23:47:10', '2020-07-21 23:47:10'),
(90, 'quibusdam', 'Odio ipsum repellat veritatis et rerum soluta. Sint illo debitis fuga id consequatur. Ad earum nostrum est et excepturi. Et aut dolore repellat dolores.', 153, 5, 4, '2020-07-21 23:47:10', '2020-07-21 23:47:10'),
(91, 'labore', 'Reiciendis sint incidunt rerum dolore recusandae. Sunt blanditiis assumenda exercitationem tenetur ad recusandae temporibus. Distinctio qui error dolorem et. Ipsam quas est nemo consectetur reiciendis dolorem doloremque. Eius modi rerum eligendi eaque.', 521, 8, 28, '2020-07-21 23:47:10', '2020-07-21 23:47:10'),
(92, 'voluptates', 'Omnis cupiditate ea porro veniam magni consectetur. Eum aut libero possimus corrupti nisi enim voluptas. Eveniet beatae et qui repudiandae sint aliquam at velit. Esse sed eligendi debitis.', 631, 3, 20, '2020-07-21 23:47:10', '2020-07-21 23:47:10'),
(93, 'reiciendis', 'Non est quam et deserunt. Eveniet expedita non sed fugiat. Ducimus magnam modi corporis voluptatibus rerum sit similique qui. Totam omnis ab repudiandae provident explicabo molestiae quia.', 814, 5, 17, '2020-07-21 23:47:10', '2020-07-21 23:47:10'),
(94, 'eos', 'Exercitationem qui tenetur libero quidem ducimus qui. Earum itaque voluptatem et esse. Est beatae ea est rerum blanditiis aspernatur culpa id.', 956, 6, 13, '2020-07-21 23:47:10', '2020-07-21 23:47:10'),
(95, 'quae', 'Id maxime assumenda nihil hic aspernatur qui at. Libero eius officia in doloremque ut voluptatibus similique placeat. Qui id odio quibusdam laborum eveniet dolor.', 791, 7, 6, '2020-07-21 23:47:10', '2020-07-21 23:47:10'),
(96, 'beatae', 'Sint et aliquam aliquam omnis ipsum quibusdam. Veritatis nesciunt dolorem aperiam sed distinctio. Iste quam maxime similique iusto.', 495, 9, 24, '2020-07-21 23:47:10', '2020-07-21 23:47:10'),
(97, 'qui', 'Quam quia cumque ea natus nihil error. Quo at dolorem autem quibusdam sunt perferendis.', 238, 0, 3, '2020-07-21 23:47:10', '2020-07-21 23:47:10'),
(98, 'sequi', 'Quasi sed ad est dolorem maxime dolorum. Nemo quam eligendi accusantium dignissimos quasi minima amet. Quo voluptatem voluptate exercitationem id in molestiae.', 320, 4, 6, '2020-07-21 23:47:10', '2020-07-21 23:47:10'),
(99, 'qui', 'Molestiae in aut molestias quo consequatur iste perspiciatis quibusdam. Omnis enim mollitia vel deleniti modi repellendus. Beatae totam ullam consectetur magni eum aut eum qui.', 675, 4, 6, '2020-07-21 23:47:10', '2020-07-21 23:47:10'),
(100, 'inventore', 'Quod quia exercitationem est molestias veritatis et soluta. Commodi exercitationem ullam aliquid ipsa. Voluptates quo voluptas sit eveniet. Placeat eligendi totam ipsam sunt ad atque.', 764, 3, 21, '2020-07-21 23:47:10', '2020-07-21 23:47:10');

-- --------------------------------------------------------

--
-- Table structure for table `reviews`
--

CREATE TABLE `reviews` (
  `id` int(10) UNSIGNED NOT NULL,
  `product_id` int(11) NOT NULL,
  `customer` varchar(255) COLLATE utf8mb4_unicode_ci NOT NULL,
  `review` text COLLATE utf8mb4_unicode_ci NOT NULL,
  `star` int(11) NOT NULL,
  `created_at` timestamp NULL DEFAULT NULL,
  `updated_at` timestamp NULL DEFAULT NULL
) ENGINE=InnoDB DEFAULT CHARSET=utf8mb4 COLLATE=utf8mb4_unicode_ci;

--
-- Dumping data for table `reviews`
--

INSERT INTO `reviews` (`id`, `product_id`, `customer`, `review`, `star`, `created_at`, `updated_at`) VALUES
(1, 72, 'nobis', 'Hic consequatur distinctio earum mollitia quo sit ipsum non. Occaecati ex nisi voluptate est. Assumenda nemo error id modi ad doloremque officiis quo.', 25, '2020-07-21 23:47:11', '2020-07-21 23:47:11'),
(2, 9, 'dolor', 'Et aut illo aut commodi hic quo architecto nobis. Asperiores officia porro facere voluptas dolorum molestiae. Illo est facere dolor rerum.', 27, '2020-07-21 23:47:11', '2020-07-21 23:47:11'),
(3, 91, 'ut', 'Alias in sapiente eligendi vitae. Aut eos cupiditate itaque aliquid. Suscipit qui sit velit culpa rerum sint voluptatem.', 6, '2020-07-21 23:47:11', '2020-07-21 23:47:11'),
(4, 66, 'aliquam', 'Non qui sunt assumenda consequuntur delectus ea. Unde tempora quaerat perferendis. Aut perspiciatis qui consequatur officiis.', 20, '2020-07-21 23:47:11', '2020-07-21 23:47:11'),
(5, 39, 'delectus', 'Distinctio nostrum sunt quo omnis. Voluptate veritatis culpa ducimus et est vero animi. Dolor voluptatibus corrupti corrupti provident in fuga qui. Quas excepturi reiciendis rerum similique explicabo.', 26, '2020-07-21 23:47:11', '2020-07-21 23:47:11'),
(6, 6, 'molestiae', 'Quia dolor ad voluptas. Rem aliquam similique recusandae odit necessitatibus consequuntur maiores delectus. Rerum laudantium iure temporibus exercitationem ex tempora. Quaerat mollitia dolor reiciendis aliquid labore et.', 4, '2020-07-21 23:47:11', '2020-07-21 23:47:11'),
(7, 74, 'corrupti', 'Itaque rem excepturi eum similique illo. Quibusdam corrupti eos et numquam numquam voluptates recusandae. Error laboriosam qui nihil optio est rerum. Esse voluptates et rerum dolor temporibus quis odio maxime.', 9, '2020-07-21 23:47:11', '2020-07-21 23:47:11'),
(8, 6, 'debitis', 'Qui laboriosam voluptatem consequatur eum quod. Ut sint vero nostrum fugiat esse. Non quia delectus beatae molestiae necessitatibus iste.', 15, '2020-07-21 23:47:11', '2020-07-21 23:47:11'),
(9, 55, 'sed', 'Voluptatum ut et et ea repellat. Fugiat et qui nesciunt ipsum minus est architecto aspernatur. Aliquid sapiente non voluptatum hic hic quas.', 7, '2020-07-21 23:47:11', '2020-07-21 23:47:11'),
(10, 65, 'maiores', 'Modi iste quisquam iusto in iste in ea. Quis omnis dolores voluptas officiis. Maiores consequuntur voluptas at magnam delectus. Qui dolores doloremque consequatur qui voluptas et.', 21, '2020-07-21 23:47:11', '2020-07-21 23:47:11'),
(11, 24, 'deserunt', 'Non et qui quis optio ducimus distinctio sit. Distinctio vitae ab ducimus nam. Libero perspiciatis enim architecto consequatur eos.', 18, '2020-07-21 23:47:11', '2020-07-21 23:47:11'),
(12, 3, 'cumque', 'Omnis ex incidunt qui qui rem voluptatem. Dolor est et odit veniam magnam. Aut voluptas autem aut nesciunt officia. Est sit velit et molestiae.', 17, '2020-07-21 23:47:11', '2020-07-21 23:47:11'),
(13, 1, 'asperiores', 'Unde mollitia suscipit laborum eum enim. Et nam quisquam maxime ipsa voluptatum. Omnis animi temporibus assumenda quae porro beatae adipisci.', 6, '2020-07-21 23:47:11', '2020-07-21 23:47:11'),
(14, 76, 'aperiam', 'Inventore voluptatem fugit similique beatae. Aperiam beatae sapiente veritatis cum. Qui cumque ut sit.', 8, '2020-07-21 23:47:11', '2020-07-21 23:47:11'),
(15, 43, 'ullam', 'Beatae qui iste et voluptatem delectus. Laboriosam quidem incidunt voluptatibus quis non natus voluptatem voluptatem. Alias sit aut debitis enim cum.', 12, '2020-07-21 23:47:11', '2020-07-21 23:47:11'),
(16, 93, 'tempora', 'In optio debitis ut ullam porro voluptatem. Neque dolores est quo quae omnis aspernatur sit fugiat. Laboriosam reiciendis nisi maiores qui delectus in commodi. Sunt aut voluptatem voluptas nemo et asperiores.', 23, '2020-07-21 23:47:11', '2020-07-21 23:47:11'),
(17, 81, 'cumque', 'Consequatur eius cum sint aut porro. Eveniet quaerat ab neque aut cumque. Quam omnis consectetur consequatur nesciunt omnis doloribus.', 12, '2020-07-21 23:47:11', '2020-07-21 23:47:11'),
(18, 7, 'adipisci', 'Ex explicabo recusandae velit. Omnis rerum consequuntur velit ut perspiciatis.', 15, '2020-07-21 23:47:11', '2020-07-21 23:47:11'),
(19, 68, 'veritatis', 'Neque assumenda ipsum sit odit. Dolore architecto deleniti enim animi earum. Et dolorum ad a qui est ex.', 20, '2020-07-21 23:47:11', '2020-07-21 23:47:11'),
(20, 30, 'recusandae', 'Magni soluta error voluptate et. Excepturi explicabo autem consequatur doloremque totam eos voluptate. Eos voluptas tenetur adipisci. Blanditiis fugiat tempore tenetur doloremque reiciendis et.', 20, '2020-07-21 23:47:11', '2020-07-21 23:47:11'),
(21, 79, 'ut', 'Expedita distinctio sit omnis atque eum qui temporibus. Corporis doloremque minima esse repellendus. Atque dolorem quos reiciendis ab dolorem eaque officia. Dolor quas corrupti voluptates.', 8, '2020-07-21 23:47:11', '2020-07-21 23:47:11'),
(22, 50, 'eaque', 'Illo molestiae ex sint aperiam expedita. Et est et et dolorum dolore atque. In eum et sed corrupti est blanditiis enim. Id similique modi similique cum nihil nesciunt et.', 3, '2020-07-21 23:47:11', '2020-07-21 23:47:11'),
(23, 66, 'velit', 'Eum occaecati est et qui et temporibus numquam officiis. Expedita aut animi sed quia vel. Enim blanditiis architecto possimus ab.', 26, '2020-07-21 23:47:11', '2020-07-21 23:47:11'),
(24, 44, 'qui', 'Tempora et quo dolor fugiat tempore. Impedit incidunt at et quo illum nostrum consequuntur autem. Aspernatur dolorum atque dignissimos dolore aperiam. Aut voluptas est mollitia id.', 15, '2020-07-21 23:47:11', '2020-07-21 23:47:11'),
(25, 13, 'doloribus', 'Culpa ea dolorem aut dolorum. A ratione non repudiandae animi culpa quia expedita officiis.', 28, '2020-07-21 23:47:11', '2020-07-21 23:47:11'),
(26, 41, 'omnis', 'Earum molestiae corporis beatae ducimus. Aut eos dolore natus cum.', 15, '2020-07-21 23:47:11', '2020-07-21 23:47:11'),
(27, 59, 'quo', 'Eum voluptatem quo doloremque voluptatem. Et voluptatem sed eos nihil nisi esse explicabo. Eos voluptatem qui nam qui. Deleniti eveniet ratione ut et animi nihil aperiam.', 28, '2020-07-21 23:47:11', '2020-07-21 23:47:11'),
(28, 58, 'quo', 'Quas numquam rerum libero sapiente quia. Ut similique ut est sapiente nulla. Ipsam aspernatur sunt quisquam est quam eos.', 7, '2020-07-21 23:47:11', '2020-07-21 23:47:11'),
(29, 10, 'placeat', 'Odit assumenda quaerat rerum voluptate. Saepe ad esse voluptatem sunt. Sed est aliquid qui impedit adipisci voluptatibus qui.', 15, '2020-07-21 23:47:11', '2020-07-21 23:47:11'),
(30, 6, 'magnam', 'Dolorem omnis occaecati quia nisi est. Illum ab qui aut nostrum. Reiciendis facilis iusto aperiam nulla sapiente sapiente. Tenetur eaque illo quisquam ut.', 9, '2020-07-21 23:47:11', '2020-07-21 23:47:11'),
(31, 23, 'et', 'Quis voluptatem ea quaerat nam veritatis et. Rem esse aut aut. Repellat quia et quae.', 23, '2020-07-21 23:47:11', '2020-07-21 23:47:11'),
(32, 78, 'iste', 'Error in et voluptate ipsam itaque aut aliquid. Esse sed maxime vel enim rerum iste libero mollitia. Enim qui eum consequatur ut sunt omnis harum cumque. Molestias numquam amet aut in qui accusamus.', 20, '2020-07-21 23:47:11', '2020-07-21 23:47:11'),
(33, 86, 'eligendi', 'Consequatur totam illo qui neque maiores expedita. Et voluptates est ut a repellat doloribus voluptatem vero. Qui laborum fugit praesentium occaecati. Eos illo quis vel qui. Sunt eos in ea natus soluta.', 18, '2020-07-21 23:47:12', '2020-07-21 23:47:12'),
(34, 29, 'est', 'Omnis debitis ad rerum non. Et eius nihil vero iusto praesentium quo consequatur. Animi animi quis quae illum ratione nihil. Quidem ut vel porro modi dignissimos aliquid.', 3, '2020-07-21 23:47:12', '2020-07-21 23:47:12'),
(35, 78, 'veritatis', 'Accusantium dolore enim officiis eligendi. Pariatur illum perspiciatis veritatis aut commodi. Reiciendis consectetur optio voluptatum inventore rem. Delectus voluptas eveniet voluptatem blanditiis aliquid porro.', 2, '2020-07-21 23:47:12', '2020-07-21 23:47:12'),
(36, 29, 'distinctio', 'Dicta doloribus eum aut. Et accusantium rerum quis omnis. Adipisci perferendis vel maiores eum eos. Et earum molestias rerum temporibus omnis beatae. Aperiam est omnis asperiores unde dolor.', 22, '2020-07-21 23:47:12', '2020-07-21 23:47:12'),
(37, 16, 'laborum', 'Repudiandae quis voluptas cumque recusandae enim. Ratione veniam libero ab maiores non voluptatibus.', 22, '2020-07-21 23:47:12', '2020-07-21 23:47:12'),
(38, 23, 'illo', 'Quia sint odit possimus aliquam est nemo veniam. Quia est libero neque autem. Nesciunt non saepe aliquid eaque. In est excepturi vel est facilis id dolorem.', 4, '2020-07-21 23:47:12', '2020-07-21 23:47:12'),
(39, 4, 'voluptatem', 'Voluptatibus fuga iste ducimus. Voluptas unde rerum rem. Officiis architecto omnis repudiandae dignissimos sunt. Sint ad hic quia eum et et.', 9, '2020-07-21 23:47:12', '2020-07-21 23:47:12'),
(40, 62, 'inventore', 'Nam eum dolores rerum perferendis reprehenderit consequatur. Non in exercitationem maxime temporibus assumenda exercitationem. Voluptatem accusantium unde et quia nihil. Rerum vitae ut repellendus qui.', 25, '2020-07-21 23:47:12', '2020-07-21 23:47:12'),
(41, 47, 'aliquam', 'Voluptatem quo impedit explicabo autem minus autem voluptates. Est rerum nostrum iure quia. Voluptatum nulla et esse quidem quia aut.', 8, '2020-07-21 23:47:12', '2020-07-21 23:47:12'),
(42, 86, 'rerum', 'Nam rerum labore dicta qui magni eum at. Quo et distinctio quidem in reprehenderit quia qui ducimus. Esse iste vero quia qui facere vero. Earum nobis error debitis architecto nihil saepe quod in. Velit accusantium ullam non ullam.', 26, '2020-07-21 23:47:12', '2020-07-21 23:47:12'),
(43, 42, 'nesciunt', 'Maxime dolores iste laudantium ea atque sunt. Aliquam dolor autem nihil sed. Voluptas enim cum placeat temporibus animi blanditiis. Et harum neque consequuntur.', 9, '2020-07-21 23:47:12', '2020-07-21 23:47:12'),
(44, 95, 'labore', 'Officia architecto minima eius enim veniam laudantium neque voluptatibus. Et dignissimos voluptas a similique laudantium. Officia porro et pariatur sed nobis et minus aspernatur. Velit autem aut modi ducimus hic tempore explicabo. Molestiae quasi architecto quasi.', 22, '2020-07-21 23:47:12', '2020-07-21 23:47:12'),
(45, 37, 'exercitationem', 'In hic ad quidem fugit. Quo quos totam est. Sed qui et odit et laudantium. Quo consequatur recusandae eum reiciendis.', 6, '2020-07-21 23:47:12', '2020-07-21 23:47:12'),
(46, 33, 'quia', 'Quaerat vero vitae laboriosam error a ut consequatur. Quis rem perferendis nesciunt doloremque. Labore vero natus tempora dolores. Libero quo soluta quaerat delectus at totam incidunt consequatur.', 15, '2020-07-21 23:47:12', '2020-07-21 23:47:12'),
(47, 53, 'aut', 'Reprehenderit eos et aliquam et ullam. Dolores totam maiores aliquam temporibus ipsa optio occaecati. Amet error nobis quos. Aut ea quis voluptatibus quo accusantium tenetur accusantium.', 22, '2020-07-21 23:47:12', '2020-07-21 23:47:12'),
(48, 97, 'tempore', 'Ex aspernatur quia et nam et harum. Voluptas sapiente error repellendus ipsum consequatur recusandae. Recusandae qui quia dolorem repellendus et voluptas. Et beatae aut sint fugiat.', 6, '2020-07-21 23:47:12', '2020-07-21 23:47:12'),
(49, 22, 'occaecati', 'Ipsum repudiandae pariatur sed. Corrupti ipsam aut velit enim dignissimos qui id. Quaerat beatae quisquam consequatur facere delectus molestiae sit. Voluptas suscipit qui sunt a.', 17, '2020-07-21 23:47:12', '2020-07-21 23:47:12'),
(50, 33, 'reprehenderit', 'Nostrum quas iusto illo. Dolore ut in nihil ut debitis esse. Dicta consectetur minima voluptas. Ex non temporibus nisi qui.', 12, '2020-07-21 23:47:12', '2020-07-21 23:47:12'),
(51, 24, 'dolorem', 'Quis dolor aut eum laboriosam. Est consequatur magni adipisci cumque omnis sit ut inventore. Exercitationem repudiandae autem tempora esse. Itaque qui nesciunt delectus omnis.', 10, '2020-07-21 23:47:12', '2020-07-21 23:47:12'),
(52, 92, 'non', 'Ut ab enim et voluptatem et laudantium aut illo. Assumenda excepturi maxime et laborum incidunt. Quos quisquam consequuntur quia voluptatem voluptas nihil. Quo dolores et accusantium in.', 6, '2020-07-21 23:47:12', '2020-07-21 23:47:12'),
(53, 40, 'delectus', 'Cupiditate quam et voluptatem ipsum beatae rem. Ut sint asperiores sed officiis. Id et voluptas qui nihil.', 7, '2020-07-21 23:47:12', '2020-07-21 23:47:12'),
(54, 3, 'est', 'Nemo consequatur a saepe repudiandae nemo. Fugiat quia quo quasi voluptates culpa ipsum. Velit et et voluptatem molestias exercitationem sunt aut inventore.', 9, '2020-07-21 23:47:12', '2020-07-21 23:47:12'),
(55, 58, 'tempora', 'Reprehenderit eum velit minus natus. Rem nobis ipsa officiis a. Enim veritatis architecto totam commodi maxime velit.', 3, '2020-07-21 23:47:12', '2020-07-21 23:47:12'),
(56, 57, 'earum', 'Consequatur tenetur autem iure tempore occaecati omnis illum. At et nobis autem eum.', 12, '2020-07-21 23:47:12', '2020-07-21 23:47:12'),
(57, 100, 'est', 'Officiis quae iure id deserunt exercitationem quibusdam aut. Doloribus hic consequatur iure laborum harum aut itaque. Omnis culpa earum accusantium optio. Similique nesciunt quasi quaerat corporis iure eum sed. Occaecati molestiae ut porro velit eum qui saepe.', 23, '2020-07-21 23:47:12', '2020-07-21 23:47:12'),
(58, 87, 'non', 'Et tempore sapiente dolor tempore. Qui qui vel blanditiis sit autem dolores. Vel et quidem similique voluptatem.', 22, '2020-07-21 23:47:12', '2020-07-21 23:47:12'),
(59, 44, 'eum', 'Itaque qui nihil distinctio porro et doloribus. Fugiat aut et illo beatae.', 23, '2020-07-21 23:47:12', '2020-07-21 23:47:12'),
(60, 28, 'illum', 'Ut deserunt aut sed. Rerum recusandae amet est cum omnis consectetur repellat. Tempore aperiam consequatur tempora quia.', 17, '2020-07-21 23:47:12', '2020-07-21 23:47:12'),
(61, 79, 'deserunt', 'Eligendi iure voluptate numquam quis qui. Iusto nulla molestiae quaerat et nihil. Quaerat et velit et temporibus est quod quaerat beatae.', 6, '2020-07-21 23:47:12', '2020-07-21 23:47:12'),
(62, 24, 'sunt', 'Velit dicta nobis quia molestiae aut temporibus. Minima quae doloribus non. Quia id sed distinctio sint minima consectetur vero.', 19, '2020-07-21 23:47:12', '2020-07-21 23:47:12'),
(63, 25, 'atque', 'Consequatur modi atque iste nam. Alias aliquid aut ut vel nobis. Ut eius quas itaque vitae maxime laborum reiciendis. Alias dolorem sed est eligendi est. Impedit ea esse molestiae eligendi id ipsum.', 27, '2020-07-21 23:47:12', '2020-07-21 23:47:12'),
(64, 78, 'repudiandae', 'Aut mollitia id fuga non optio. Laborum adipisci dolor et iusto voluptates aut. Possimus assumenda fugiat commodi quaerat enim dolore beatae. Ratione omnis repellat in aut. Perferendis aut animi dolorem.', 6, '2020-07-21 23:47:12', '2020-07-21 23:47:12'),
(65, 57, 'cum', 'Et ea praesentium accusamus recusandae consequatur enim sed quam. Dignissimos consectetur aperiam harum quaerat in omnis. Qui fugit dolorem saepe nesciunt unde error quo qui. Consectetur vero eum ea quia tenetur.', 11, '2020-07-21 23:47:12', '2020-07-21 23:47:12'),
(66, 6, 'esse', 'Nobis quasi qui non eos quia sit. Ut et sint animi quam quasi molestiae nesciunt doloremque. Accusamus ut quo pariatur ratione ut.', 23, '2020-07-21 23:47:12', '2020-07-21 23:47:12'),
(67, 40, 'aut', 'Dolor odit reiciendis odio tenetur quos laborum nulla. Suscipit distinctio reprehenderit omnis quis aut eos ratione. Aut quam debitis repellat sint.', 7, '2020-07-21 23:47:12', '2020-07-21 23:47:12'),
(68, 67, 'ex', 'Maiores repellat doloremque architecto suscipit veniam. Iure consequuntur omnis molestias possimus. Laborum dolorem eveniet esse voluptatibus eum.', 15, '2020-07-21 23:47:12', '2020-07-21 23:47:12'),
(69, 94, 'nostrum', 'Esse est sit quia provident reiciendis porro aut aliquid. At accusantium eligendi laborum alias quibusdam magni. Nostrum maxime quia et numquam consectetur. Accusantium maxime id aliquam ut in omnis.', 9, '2020-07-21 23:47:12', '2020-07-21 23:47:12'),
(70, 54, 'velit', 'Iusto autem autem repellat quia molestiae ut iusto fugiat. Qui illo fugit et magni quisquam incidunt quam quam.', 22, '2020-07-21 23:47:12', '2020-07-21 23:47:12'),
(71, 65, 'voluptatem', 'Eveniet in consequatur ut voluptatem aliquam excepturi ea. Cupiditate a culpa sapiente atque qui sed. Et perspiciatis inventore esse qui. Ea culpa corporis enim saepe aut enim dignissimos molestiae.', 24, '2020-07-21 23:47:12', '2020-07-21 23:47:12'),
(72, 91, 'quidem', 'Suscipit doloremque dolores quaerat aut ea et deleniti. Necessitatibus unde qui omnis ducimus repellendus quia et. Aut dolores magnam est facilis quos. Ipsa ut at est omnis minus impedit.', 10, '2020-07-21 23:47:12', '2020-07-21 23:47:12'),
(73, 80, 'qui', 'Omnis earum repellendus et consequatur assumenda saepe voluptates. Error et hic voluptas ut tenetur. Et dolores cum aut nam magni quisquam molestiae. Magnam praesentium aut dolorem quia explicabo necessitatibus aspernatur.', 28, '2020-07-21 23:47:12', '2020-07-21 23:47:12'),
(74, 33, 'amet', 'Totam qui amet laboriosam molestias assumenda et corrupti. In ut esse placeat et porro autem. Non in sed nemo. Iste harum est et ipsa tempora possimus.', 28, '2020-07-21 23:47:12', '2020-07-21 23:47:12'),
(75, 83, 'qui', 'Deserunt rerum ipsam impedit. Labore fugiat illo iste est eos enim blanditiis. Laborum qui et eos id vitae a quaerat sint. Omnis quia expedita quisquam rem sunt aut. Et aut incidunt ipsa sed ipsam recusandae provident.', 5, '2020-07-21 23:47:12', '2020-07-21 23:47:12'),
(76, 58, 'et', 'Maxime dolorem voluptatem nostrum odio facilis. Non nihil recusandae rem repudiandae.', 5, '2020-07-21 23:47:12', '2020-07-21 23:47:12'),
(77, 20, 'labore', 'Qui repellendus quae doloremque. Velit voluptatibus qui accusantium vel at ratione minus. Sed repudiandae et id doloribus blanditiis. Sed officia blanditiis quam repudiandae odio neque alias.', 8, '2020-07-21 23:47:12', '2020-07-21 23:47:12'),
(78, 16, 'architecto', 'Aperiam aut pariatur dolorem sit repellendus eius. Impedit voluptatem reprehenderit porro ut sequi commodi autem tenetur.', 12, '2020-07-21 23:47:12', '2020-07-21 23:47:12'),
(79, 63, 'pariatur', 'Harum nobis aut non perspiciatis. Quas cupiditate vero mollitia magni eos occaecati vitae. Omnis aut et incidunt sint aliquid.', 3, '2020-07-21 23:47:12', '2020-07-21 23:47:12'),
(80, 19, 'maiores', 'Fuga non ut sunt repellat laboriosam alias. Est dicta sed vero voluptas eveniet. Maiores tempora odit alias expedita natus optio. Neque quo est eum rerum quia corrupti quidem hic.', 3, '2020-07-21 23:47:12', '2020-07-21 23:47:12'),
(81, 19, 'nobis', 'Iure ullam incidunt laborum nam omnis nesciunt nobis quisquam. Labore eos eum aut qui ut atque. Omnis dolore sit quia aut incidunt voluptatem.', 25, '2020-07-21 23:47:12', '2020-07-21 23:47:12'),
(82, 83, 'consectetur', 'Accusantium sequi nihil eum dolorem voluptas officiis molestias aut. Tenetur exercitationem iste ducimus ut esse. Iure exercitationem impedit illo provident non qui ipsam nesciunt.', 18, '2020-07-21 23:47:12', '2020-07-21 23:47:12'),
(83, 16, 'minus', 'Ea ipsam expedita consequatur. Voluptatem voluptatum in hic molestiae sit minima. Perferendis corrupti sed maxime. Eaque et voluptatem omnis voluptatibus. Aut et quod hic ut et qui.', 21, '2020-07-21 23:47:12', '2020-07-21 23:47:12'),
(84, 20, 'facere', 'Voluptas et saepe nisi debitis quibusdam ipsam. Vel quo omnis in ut quo. Aliquid nisi corrupti accusantium quia quaerat voluptates.', 8, '2020-07-21 23:47:12', '2020-07-21 23:47:12'),
(85, 51, 'quo', 'Aspernatur voluptas nihil cupiditate id. Voluptatem in perferendis quasi dolores. Hic nulla sit quasi modi alias ea iusto. Illum delectus aut facere molestias quo. Odio alias nisi nisi fuga.', 9, '2020-07-21 23:47:12', '2020-07-21 23:47:12'),
(86, 38, 'nisi', 'Ipsam molestias harum quia consequatur voluptate sed. Culpa cum repellat iste impedit tempore. Eos eligendi totam inventore dolores. Architecto sint perspiciatis qui accusamus sit est. Vitae assumenda soluta dolor iusto optio.', 11, '2020-07-21 23:47:12', '2020-07-21 23:47:12'),
(87, 32, 'sint', 'Occaecati autem voluptatum sit quod blanditiis debitis aut eos. Quae voluptates beatae accusantium. Pariatur mollitia non assumenda aut et magnam quae et.', 3, '2020-07-21 23:47:12', '2020-07-21 23:47:12'),
(88, 47, 'labore', 'Assumenda reiciendis rem laudantium occaecati ea. Accusantium rerum vel accusamus eum. Quaerat est suscipit qui libero repellat nam eaque. Sint odio temporibus reprehenderit.', 2, '2020-07-21 23:47:12', '2020-07-21 23:47:12'),
(89, 36, 'voluptas', 'Repellat necessitatibus accusantium est vitae alias et. Facilis ratione ad eos ea. Tenetur fuga repellendus in atque odit ratione provident perferendis. Consequatur voluptatem deleniti nostrum modi.', 20, '2020-07-21 23:47:12', '2020-07-21 23:47:12'),
(90, 50, 'et', 'Autem deserunt et et nihil et consectetur debitis cupiditate. Quos soluta in aperiam qui illo iste consequatur. Accusamus minima omnis ut eum magni voluptates. Nemo ea praesentium pariatur id quo id.', 9, '2020-07-21 23:47:12', '2020-07-21 23:47:12'),
(91, 53, 'nesciunt', 'Officia perferendis est alias necessitatibus minima voluptatem. Asperiores illo excepturi reprehenderit voluptates quia sunt. Sed rerum occaecati recusandae quia et. Quis eaque consequatur accusantium sed tenetur accusantium nulla.', 26, '2020-07-21 23:47:12', '2020-07-21 23:47:12'),
(92, 2, 'error', 'Eum nobis voluptas quia porro tempora sed maiores consequatur. Reiciendis qui dolorum praesentium debitis. Tenetur illum numquam est est voluptatem. Et ut rerum corporis nobis.', 2, '2020-07-21 23:47:12', '2020-07-21 23:47:12'),
(93, 19, 'eius', 'Laudantium velit omnis eum fugit itaque aliquid dolores. Cum et aspernatur tempora libero voluptas. Fugit voluptatem quas officia. Culpa nobis aut id quia autem fuga sed culpa.', 13, '2020-07-21 23:47:12', '2020-07-21 23:47:12'),
(94, 34, 'ducimus', 'Perspiciatis eos ut nemo quibusdam reprehenderit mollitia. Libero qui deleniti dolore omnis. Soluta neque illum earum sapiente ut cupiditate quia. In in dolor et ut tenetur hic et.', 2, '2020-07-21 23:47:12', '2020-07-21 23:47:12'),
(95, 88, 'nulla', 'Voluptatum aut qui libero laborum. Dignissimos delectus fugit vel ratione ratione fugit. Unde velit pariatur rerum est quos quas consequatur.', 11, '2020-07-21 23:47:12', '2020-07-21 23:47:12'),
(96, 29, 'nam', 'Soluta nisi et magnam sapiente doloribus praesentium voluptates. Architecto officiis ut aut cum ut possimus. Atque architecto id corrupti enim quibusdam.', 6, '2020-07-21 23:47:12', '2020-07-21 23:47:12'),
(97, 65, 'saepe', 'Explicabo alias nihil ut qui dicta. Nulla quod ex minima et unde. Quisquam cum tenetur vitae fugiat quia aut.', 24, '2020-07-21 23:47:12', '2020-07-21 23:47:12'),
(98, 90, 'beatae', 'Ut ipsam corporis omnis. Et dolorem dignissimos et culpa ipsam inventore. Quia nihil quae quia eum.', 8, '2020-07-21 23:47:12', '2020-07-21 23:47:12'),
(99, 76, 'at', 'Et recusandae soluta facere et libero saepe. Delectus nulla qui nesciunt cum enim dolorum provident. Quam commodi nobis est cum est consequuntur quidem consequatur.', 9, '2020-07-21 23:47:12', '2020-07-21 23:47:12'),
(100, 80, 'non', 'Ut reiciendis et quis veritatis dicta doloremque. Aut natus aut incidunt reiciendis maxime ut. Adipisci est aperiam voluptas minima repellat ipsam. Soluta consequatur explicabo voluptatem. Occaecati laboriosam sint debitis illo ad aut.', 15, '2020-07-21 23:47:12', '2020-07-21 23:47:12'),
(101, 58, 'harum', 'Nihil eum cum laudantium laudantium eius sed eligendi. Consequatur velit eum autem quisquam dolores omnis rerum. Laudantium a modi mollitia. Repellendus ipsum rerum mollitia commodi animi neque.', 23, '2020-07-21 23:47:12', '2020-07-21 23:47:12'),
(102, 82, 'dolores', 'Saepe maiores et impedit sit et provident sit. Voluptas rem corrupti ut et quae tenetur voluptatem. Aut velit architecto aliquid quisquam consequatur. Non inventore doloribus at.', 20, '2020-07-21 23:47:12', '2020-07-21 23:47:12'),
(103, 79, 'aliquam', 'Asperiores voluptatem reiciendis dignissimos perspiciatis sint. Ea exercitationem quibusdam nemo rerum. Laborum sit ut eveniet dicta velit. Omnis consequuntur id doloribus et impedit quasi perferendis officiis.', 30, '2020-07-21 23:47:12', '2020-07-21 23:47:12'),
(104, 31, 'debitis', 'Unde qui dolor dolores ex quo architecto sit. Provident reiciendis aliquam voluptatem. Et optio fugit qui quo. Aliquam libero dolore ex.', 14, '2020-07-21 23:47:12', '2020-07-21 23:47:12'),
(105, 44, 'ipsa', 'Id cumque totam laboriosam non ut necessitatibus. Illo soluta omnis aut fuga esse inventore. Numquam quam blanditiis dolorem enim cupiditate.', 15, '2020-07-21 23:47:12', '2020-07-21 23:47:12'),
(106, 61, 'placeat', 'Ut deserunt quia atque dolore consequatur non. Harum nostrum quidem soluta voluptatem doloribus. Natus pariatur ea tempora culpa.', 6, '2020-07-21 23:47:12', '2020-07-21 23:47:12'),
(107, 74, 'omnis', 'Nisi eos corrupti autem aperiam veritatis voluptates. Eum id soluta qui accusamus unde. Nisi illum corporis et est optio nihil. Unde autem sapiente fugit similique expedita.', 26, '2020-07-21 23:47:12', '2020-07-21 23:47:12'),
(108, 76, 'saepe', 'Repudiandae quasi dolorum eos omnis magni. Necessitatibus sapiente veritatis culpa molestiae aliquam repellat distinctio. Doloribus sed quis aperiam fugiat est.', 6, '2020-07-21 23:47:12', '2020-07-21 23:47:12'),
(109, 3, 'maxime', 'Eos voluptatem quibusdam consequatur corrupti rerum. Asperiores totam autem culpa velit eum quae necessitatibus. Iusto mollitia doloremque pariatur tempora nam et. Magnam qui fuga adipisci aut.', 2, '2020-07-21 23:47:12', '2020-07-21 23:47:12'),
(110, 4, 'debitis', 'Ut et non voluptates labore quo corporis earum possimus. Consequuntur hic qui quibusdam quia quia. Est et eligendi sed cupiditate consequatur. Ut doloribus voluptatibus sint quis praesentium eos rerum.', 11, '2020-07-21 23:47:12', '2020-07-21 23:47:12'),
(111, 7, 'sunt', 'Ex qui non sequi quas sapiente aut earum. Error sed et enim hic optio qui. A cumque nemo molestias temporibus laborum est pariatur. Odio dignissimos exercitationem soluta.', 7, '2020-07-21 23:47:12', '2020-07-21 23:47:12'),
(112, 47, 'omnis', 'Est quos omnis architecto. Et sint dignissimos quis maiores asperiores repellat perspiciatis qui. Dolores quibusdam fugit non. Aperiam et nemo dolorem.', 6, '2020-07-21 23:47:12', '2020-07-21 23:47:12'),
(113, 60, 'recusandae', 'Tempore deserunt odit iusto. Amet eligendi repellat veritatis sit. Reiciendis quae placeat pariatur omnis.', 11, '2020-07-21 23:47:12', '2020-07-21 23:47:12'),
(114, 74, 'hic', 'Voluptatem sunt incidunt alias quos nesciunt autem. Quia omnis iure nulla est molestias expedita. Ex temporibus voluptatem omnis et quod.', 6, '2020-07-21 23:47:12', '2020-07-21 23:47:12'),
(115, 59, 'commodi', 'Omnis vel laudantium inventore aut odio sapiente. Explicabo voluptatem quas qui reprehenderit vero aspernatur aut quia. Quod qui quaerat aperiam dolore. Delectus dolores accusantium porro molestiae sit minima consequatur. Aut sit quia error ipsa voluptatem nihil.', 7, '2020-07-21 23:47:12', '2020-07-21 23:47:12'),
(116, 70, 'qui', 'Quis culpa sed suscipit provident sed molestiae sunt. Accusantium fugiat nam ut ut est. Aut ut ad mollitia non.', 6, '2020-07-21 23:47:12', '2020-07-21 23:47:12'),
(117, 35, 'numquam', 'Quidem voluptatem voluptatibus neque beatae fuga. Vitae eos reiciendis nesciunt maiores est. Dicta qui dolorem et cum omnis molestiae necessitatibus.', 2, '2020-07-21 23:47:12', '2020-07-21 23:47:12'),
(118, 32, 'amet', 'Molestias molestias et totam eos nobis in iure molestiae. Dignissimos rem reprehenderit et. Qui officiis dolore voluptatibus quibusdam. A aspernatur et omnis voluptatem dolores quibusdam nemo.', 8, '2020-07-21 23:47:12', '2020-07-21 23:47:12'),
(119, 56, 'et', 'Qui nihil veritatis perferendis incidunt velit qui iusto. Suscipit consequatur quo aliquam. Deleniti dolore maxime nisi sunt.', 24, '2020-07-21 23:47:12', '2020-07-21 23:47:12'),
(120, 41, 'doloremque', 'Ut omnis et dolor vero. Est vel et iste repellendus atque.', 25, '2020-07-21 23:47:12', '2020-07-21 23:47:12'),
(121, 40, 'ut', 'Ut vel consequatur soluta. Reiciendis aut enim impedit saepe commodi delectus architecto. Mollitia sunt molestiae delectus sit qui rerum.', 18, '2020-07-21 23:47:12', '2020-07-21 23:47:12'),
(122, 37, 'reiciendis', 'Ut explicabo minima tenetur molestiae iusto distinctio. Sit minus harum unde. Voluptas quaerat natus rerum blanditiis unde nostrum. Totam dolorem quos aut perspiciatis voluptas sint doloremque.', 24, '2020-07-21 23:47:12', '2020-07-21 23:47:12'),
(123, 79, 'et', 'Modi ut dolores sed rerum nam aperiam reprehenderit. Totam qui iusto soluta non. Ea laborum qui sint modi sit. Ut autem ut aut exercitationem laborum magni voluptas suscipit. Incidunt exercitationem iste fuga eos quae qui.', 11, '2020-07-21 23:47:12', '2020-07-21 23:47:12'),
(124, 86, 'consequatur', 'Velit nobis excepturi adipisci a. Laboriosam quod omnis debitis ut. Consequatur aut qui perferendis esse vero ipsa exercitationem.', 5, '2020-07-21 23:47:12', '2020-07-21 23:47:12'),
(125, 65, 'consequuntur', 'Dicta est consectetur voluptatem ratione incidunt sapiente cupiditate. Impedit eum aliquam voluptate omnis sint ut. Ratione a ut doloremque mollitia repudiandae. Dolor ad nihil molestiae autem magnam quia nulla.', 8, '2020-07-21 23:47:12', '2020-07-21 23:47:12'),
(126, 82, 'et', 'Ea est id saepe amet illum sunt. Neque est impedit nobis nostrum voluptatum porro.', 12, '2020-07-21 23:47:12', '2020-07-21 23:47:12'),
(127, 11, 'rerum', 'Qui voluptatem aperiam explicabo consequatur. Placeat sit autem molestiae voluptas optio. Repudiandae tenetur odio non est saepe tenetur non mollitia. Odit ratione facere similique accusamus.', 3, '2020-07-21 23:47:12', '2020-07-21 23:47:12'),
(128, 63, 'placeat', 'Et id deserunt eligendi et. Veritatis est pariatur atque quis vitae pariatur. Reprehenderit quia animi molestias aspernatur officiis.', 30, '2020-07-21 23:47:12', '2020-07-21 23:47:12'),
(129, 28, 'aut', 'Et in cum in dolores. Nihil quia optio in aut. Qui et earum quia minima.', 30, '2020-07-21 23:47:12', '2020-07-21 23:47:12'),
(130, 5, 'tenetur', 'Beatae numquam suscipit quam quis. Est veniam est quisquam est quas architecto.', 30, '2020-07-21 23:47:12', '2020-07-21 23:47:12'),
(131, 67, 'amet', 'Modi dolorum minus explicabo ex voluptatem et quibusdam. Recusandae adipisci rerum ut. Veritatis laboriosam incidunt qui nihil doloribus voluptate.', 28, '2020-07-21 23:47:12', '2020-07-21 23:47:12'),
(132, 1, 'illo', 'Omnis et officia facere debitis iste est quis. Iste perferendis praesentium rerum fugit dolorem. Error voluptatum aut velit dolorem enim quia. Pariatur vero excepturi veniam maiores quod dolores.', 7, '2020-07-21 23:47:12', '2020-07-21 23:47:12'),
(133, 52, 'quis', 'Iste quasi cupiditate minus optio nulla sapiente. Molestiae autem ea minus facilis et. Accusantium maxime aut est labore neque consequuntur.', 29, '2020-07-21 23:47:12', '2020-07-21 23:47:12'),
(134, 30, 'architecto', 'Sed voluptatem est molestiae est qui provident temporibus. Pariatur voluptas maxime eum ratione nulla. Fugit voluptate sit placeat aut quisquam totam blanditiis animi. Est animi velit excepturi omnis iste.', 12, '2020-07-21 23:47:12', '2020-07-21 23:47:12'),
(135, 15, 'voluptas', 'Voluptatum ipsam eum commodi cum ab consequatur. Deserunt eum mollitia quis aut. Ut laboriosam velit accusantium.', 23, '2020-07-21 23:47:12', '2020-07-21 23:47:12'),
(136, 39, 'perspiciatis', 'Beatae quod quia aut esse vel qui in. Officia et ut sint magni nisi. Sint quo culpa odio enim est et. Quis nulla nihil eligendi occaecati.', 6, '2020-07-21 23:47:12', '2020-07-21 23:47:12'),
(137, 70, 'sed', 'Itaque qui rem voluptatum vel enim error voluptatem. Rerum illum non quia. Saepe iure eos fugiat optio odit aliquam.', 10, '2020-07-21 23:47:12', '2020-07-21 23:47:12'),
(138, 100, 'totam', 'Possimus ducimus at tempora eligendi. Sit quos ut aperiam dolor dicta. Quibusdam sit est blanditiis culpa quibusdam quasi. Qui quaerat voluptatum dolores.', 19, '2020-07-21 23:47:12', '2020-07-21 23:47:12'),
(139, 36, 'eum', 'Dolore quo quaerat dolorem sunt animi et occaecati. Nulla ipsam quod velit laborum. Delectus vero eum tenetur enim et. Ab accusamus eos labore eius.', 19, '2020-07-21 23:47:12', '2020-07-21 23:47:12'),
(140, 12, 'qui', 'Maxime recusandae cum officia officiis quia officiis. Dolorem mollitia earum ducimus qui autem est fuga. Laboriosam eligendi unde iure qui omnis hic voluptas. Consequatur tenetur qui harum officiis hic. Recusandae ipsum sed itaque autem.', 20, '2020-07-21 23:47:12', '2020-07-21 23:47:12'),
(141, 84, 'asperiores', 'Doloremque fugiat dicta autem nisi ut ducimus eum. Voluptate non velit quas necessitatibus. Fugiat sint ipsum ullam.', 22, '2020-07-21 23:47:12', '2020-07-21 23:47:12'),
(142, 4, 'sequi', 'Quis nihil beatae tempore ab suscipit. Dolore qui non est cum. Fuga exercitationem explicabo rem aut. Ex sit omnis vel.', 7, '2020-07-21 23:47:12', '2020-07-21 23:47:12'),
(143, 37, 'cupiditate', 'Cum nobis earum neque. Placeat ut quia quia. Impedit occaecati suscipit quia sunt natus in sit praesentium. Facilis consequatur maxime sunt est sunt quia ratione in.', 10, '2020-07-21 23:47:12', '2020-07-21 23:47:12'),
(144, 62, 'ut', 'Alias non quisquam voluptates quaerat voluptatem illo tempora. Vel voluptas eaque deserunt aperiam impedit. Qui vel nemo tempore dolores veniam tenetur deleniti molestiae. Possimus ut quam cumque voluptatem temporibus similique impedit alias.', 26, '2020-07-21 23:47:12', '2020-07-21 23:47:12'),
(145, 42, 'unde', 'Dolorem soluta est veritatis ab saepe ex. Quia explicabo unde atque officia magnam. In et tempore qui consequatur. Non voluptas ut sit velit vero eligendi ullam.', 7, '2020-07-21 23:47:12', '2020-07-21 23:47:12'),
(146, 79, 'qui', 'Tempora recusandae illum similique facilis quaerat qui. Esse quibusdam commodi nemo cum delectus. Voluptas molestiae culpa quas. Accusantium quis enim vel.', 20, '2020-07-21 23:47:12', '2020-07-21 23:47:12'),
(147, 74, 'libero', 'Debitis at molestiae qui maiores. Consequuntur nulla ut nihil veniam velit. Aliquid nobis dolorem perspiciatis eos veniam temporibus voluptas. Similique harum dignissimos facere voluptatum iusto.', 3, '2020-07-21 23:47:12', '2020-07-21 23:47:12'),
(148, 97, 'voluptas', 'Nemo hic quaerat sequi nihil sint exercitationem ducimus. Quisquam illo suscipit iusto qui rerum exercitationem. Sit minima amet quisquam et beatae.', 20, '2020-07-21 23:47:12', '2020-07-21 23:47:12'),
(149, 10, 'labore', 'Velit accusamus eum distinctio officiis sit quae qui. Vel consequatur assumenda provident sint harum. Est minima quisquam quam omnis.', 6, '2020-07-21 23:47:12', '2020-07-21 23:47:12'),
(150, 56, 'ut', 'Qui omnis minus reprehenderit est. Consequatur aut quo sint est. Hic aut temporibus voluptas in excepturi pariatur aut aut.', 9, '2020-07-21 23:47:12', '2020-07-21 23:47:12'),
(151, 49, 'iusto', 'Sunt consequuntur explicabo tempora quibusdam est vero animi. Repellat corrupti voluptatem eaque adipisci incidunt commodi. Facere minus explicabo vitae omnis cupiditate dolores necessitatibus. Dicta exercitationem labore qui mollitia praesentium ipsum culpa ea.', 26, '2020-07-21 23:47:12', '2020-07-21 23:47:12'),
(152, 21, 'occaecati', 'Temporibus quisquam praesentium asperiores aspernatur vel. Quis autem et non inventore occaecati impedit. Officiis maxime odio nihil unde nihil repudiandae. Officiis placeat quaerat est quo sint rerum officiis.', 20, '2020-07-21 23:47:12', '2020-07-21 23:47:12'),
(153, 97, 'fugiat', 'Nihil enim dolorem perspiciatis voluptatem. Possimus qui nobis aut dolorem. Nesciunt quis sit est occaecati sint. Officia nostrum quo totam sed in.', 3, '2020-07-21 23:47:12', '2020-07-21 23:47:12'),
(154, 46, 'blanditiis', 'Doloremque sint id placeat et aspernatur earum repellat excepturi. Sint dolor id rerum cum voluptatem quibusdam. Officiis laborum eligendi iste cumque.', 18, '2020-07-21 23:47:12', '2020-07-21 23:47:12'),
(155, 51, 'quibusdam', 'Recusandae autem reiciendis fugit voluptatem et distinctio. Adipisci vel et eveniet illo praesentium ut sequi.', 6, '2020-07-21 23:47:12', '2020-07-21 23:47:12'),
(156, 25, 'ullam', 'Facere ipsum rerum fugiat minus dolores molestiae explicabo. Officia vitae hic repellat sit deleniti reprehenderit doloribus. Iusto recusandae temporibus a qui cupiditate ut.', 28, '2020-07-21 23:47:12', '2020-07-21 23:47:12'),
(157, 43, 'neque', 'Facere nulla et esse occaecati rerum pariatur dignissimos consequatur. Reiciendis sit sed deleniti consequuntur sint a ullam. Quidem quas perspiciatis autem rerum accusantium reiciendis. Error totam eius sit ea. Vel animi harum accusantium consectetur maxime atque optio.', 17, '2020-07-21 23:47:12', '2020-07-21 23:47:12'),
(158, 54, 'aut', 'Minus eum atque ut consequatur. Quis voluptas temporibus earum repellendus nostrum non deleniti. Delectus reprehenderit odit laborum at magnam nesciunt voluptas.', 2, '2020-07-21 23:47:12', '2020-07-21 23:47:12'),
(159, 40, 'qui', 'Soluta commodi et consectetur quia vel est. Veniam expedita necessitatibus facere facere magnam omnis itaque. Odio in sed aut vero voluptas est iusto aut.', 12, '2020-07-21 23:47:12', '2020-07-21 23:47:12'),
(160, 40, 'veniam', 'Quod distinctio sed non. Et error maiores odit. Quas quaerat consequatur enim distinctio. Et enim et libero.', 4, '2020-07-21 23:47:12', '2020-07-21 23:47:12'),
(161, 80, 'dolores', 'Est eligendi quos vitae aspernatur et. Aliquid est et nihil tempora ut alias. Iste eum facere commodi non. Odit ut voluptatem maiores ut.', 19, '2020-07-21 23:47:12', '2020-07-21 23:47:12'),
(162, 98, 'odit', 'Numquam omnis doloribus qui. Voluptatem modi expedita et nisi sit illum voluptates.', 29, '2020-07-21 23:47:12', '2020-07-21 23:47:12'),
(163, 40, 'similique', 'Ab et minus qui velit. Vel consequatur qui incidunt animi. Id et porro nisi eveniet dolores quos. Aut nostrum blanditiis deserunt exercitationem facilis.', 6, '2020-07-21 23:47:12', '2020-07-21 23:47:12'),
(164, 40, 'fugiat', 'Aliquid vel eum nostrum voluptas facere nostrum nemo. Adipisci totam officia ut quasi saepe quia. Ut incidunt est maiores tempora repudiandae ut et. Soluta modi sed nostrum ut.', 11, '2020-07-21 23:47:12', '2020-07-21 23:47:12'),
(165, 65, 'laborum', 'Ullam qui aliquam alias qui. Expedita blanditiis laborum ullam unde.', 14, '2020-07-21 23:47:12', '2020-07-21 23:47:12'),
(166, 95, 'dignissimos', 'Impedit dolore pariatur cupiditate incidunt ab qui. Reiciendis vel repellat occaecati molestiae earum. Veniam sunt dolorem dolor non suscipit officia tempore sed.', 14, '2020-07-21 23:47:12', '2020-07-21 23:47:12'),
(167, 20, 'dolor', 'Itaque et a illo qui incidunt. Ea autem ratione quae debitis. Repellendus laboriosam dolore est doloremque enim.', 11, '2020-07-21 23:47:12', '2020-07-21 23:47:12'),
(168, 78, 'qui', 'Sequi aliquam voluptas libero impedit ut qui. Inventore aut voluptatem rem sint. Vel et et ullam enim culpa ipsum.', 16, '2020-07-21 23:47:12', '2020-07-21 23:47:12'),
(169, 59, 'debitis', 'Architecto aut quos eius rem nesciunt provident. Optio quis reiciendis et et distinctio corrupti qui voluptatibus.', 5, '2020-07-21 23:47:12', '2020-07-21 23:47:12'),
(170, 42, 'doloremque', 'Sit facilis voluptas aut placeat. Blanditiis voluptas numquam quis fugit. Est amet sit laborum sed. Magni quo quidem eius adipisci sunt quia.', 16, '2020-07-21 23:47:12', '2020-07-21 23:47:12'),
(171, 58, 'consectetur', 'Ullam aut aut velit. At fugiat placeat odit illum ut blanditiis. Voluptatem sed quisquam consectetur assumenda.', 17, '2020-07-21 23:47:12', '2020-07-21 23:47:12'),
(172, 5, 'nemo', 'Consequuntur magni et atque consectetur consequuntur autem. Dolores quaerat numquam voluptate provident. Atque occaecati asperiores rem vero quia fugit dolores.', 9, '2020-07-21 23:47:12', '2020-07-21 23:47:12'),
(173, 74, 'libero', 'Porro velit quod temporibus voluptate maxime. Quas autem maiores perferendis. Porro enim rerum voluptatem sed quos est. Vitae voluptas at velit suscipit.', 12, '2020-07-21 23:47:12', '2020-07-21 23:47:12'),
(174, 18, 'dolor', 'Recusandae voluptas fuga blanditiis perspiciatis ratione. Ipsa magni est non accusamus. Est quas tempora fugit excepturi.', 14, '2020-07-21 23:47:12', '2020-07-21 23:47:12'),
(175, 82, 'culpa', 'Voluptatum quaerat debitis ex voluptatem. Minus incidunt adipisci quisquam occaecati aut quis ut. In quam quis excepturi et error qui.', 24, '2020-07-21 23:47:12', '2020-07-21 23:47:12'),
(176, 3, 'ipsum', 'Quam magni exercitationem ut recusandae. Quia reprehenderit quasi beatae. Beatae est porro et sed laboriosam ea veniam.', 8, '2020-07-21 23:47:12', '2020-07-21 23:47:12'),
(177, 100, 'nobis', 'Labore non doloremque vel nihil. Assumenda sed neque voluptate mollitia ut. Reiciendis aut qui ipsa saepe cum alias pariatur dolores. Aut sit rerum fugit officiis unde quia aut.', 14, '2020-07-21 23:47:12', '2020-07-21 23:47:12'),
(178, 21, 'cumque', 'Est id cumque non error quo quo pariatur porro. Consequatur molestias quasi dolores dolores. Dignissimos quaerat est modi consequatur et. Aspernatur molestiae itaque quod quia debitis est eos.', 29, '2020-07-21 23:47:12', '2020-07-21 23:47:12'),
(179, 8, 'aut', 'Ratione provident est tempore eos nisi deserunt ipsa. Cupiditate optio quibusdam non itaque. Magnam molestiae placeat magnam est. Rerum veniam quia provident magni nihil consequatur.', 20, '2020-07-21 23:47:12', '2020-07-21 23:47:12'),
(180, 81, 'alias', 'Omnis fugiat tenetur aut sint. Voluptas deserunt aspernatur sunt sed. Assumenda facilis laudantium illo dolorem quos eveniet eos fugiat.', 25, '2020-07-21 23:47:12', '2020-07-21 23:47:12'),
(181, 11, 'rem', 'Quia doloremque unde expedita culpa. Dignissimos unde nihil accusamus id aut esse deleniti. Animi est tempora consequatur in ipsum veritatis et.', 10, '2020-07-21 23:47:12', '2020-07-21 23:47:12'),
(182, 70, 'omnis', 'Ut rem ullam quam magni sed. Ipsa aut neque accusantium numquam accusantium dolores sunt. Dolorem commodi qui natus voluptas voluptas vitae.', 2, '2020-07-21 23:47:12', '2020-07-21 23:47:12'),
(183, 58, 'explicabo', 'Omnis qui qui doloremque tempore temporibus id. Voluptatem voluptatem iusto et sit molestias labore. Maiores quasi qui debitis perferendis quis fugit sunt quia.', 18, '2020-07-21 23:47:12', '2020-07-21 23:47:12'),
(184, 60, 'ad', 'Corrupti alias deserunt aut. Rerum minus et harum. Mollitia sed consequuntur error atque sed omnis voluptates. Sint in cum quaerat ut unde non ut.', 17, '2020-07-21 23:47:12', '2020-07-21 23:47:12'),
(185, 92, 'aspernatur', 'Fugiat qui sapiente quia libero sint ea dignissimos pariatur. Molestiae et corporis omnis dolores officia. Ducimus tempora earum non sint.', 25, '2020-07-21 23:47:12', '2020-07-21 23:47:12'),
(186, 65, 'similique', 'Placeat aut doloribus atque. Aut dicta minus numquam quia tempora. Vero quos harum autem voluptas.', 6, '2020-07-21 23:47:12', '2020-07-21 23:47:12'),
(187, 83, 'pariatur', 'Architecto iusto repudiandae debitis consequatur et. Cumque adipisci inventore consequatur qui dolores incidunt. Dolore praesentium dolorem qui.', 29, '2020-07-21 23:47:12', '2020-07-21 23:47:12'),
(188, 96, 'consequatur', 'Incidunt culpa tempore fuga rerum enim molestias. Dolores cum placeat optio perspiciatis quam. Est quaerat vel dolor quibusdam. Et consectetur iste qui occaecati praesentium eos.', 16, '2020-07-21 23:47:12', '2020-07-21 23:47:12'),
(189, 78, 'et', 'Quibusdam quisquam est quae cupiditate voluptatem. Eius fugiat quaerat eos ea delectus excepturi. Laboriosam nostrum modi adipisci nihil sint placeat consequatur. Officiis maxime dolorem repudiandae odio officia sunt.', 6, '2020-07-21 23:47:12', '2020-07-21 23:47:12'),
(190, 86, 'perferendis', 'Et nihil odit ipsam voluptate ducimus debitis. Excepturi in modi quasi repudiandae facilis optio pariatur. A sint dolores atque saepe odio quia ipsum.', 3, '2020-07-21 23:47:12', '2020-07-21 23:47:12'),
(191, 23, 'officia', 'Sit dolores nam quas accusantium est aut omnis. Non sequi atque et adipisci consectetur. Ea nihil aut quo similique et.', 25, '2020-07-21 23:47:12', '2020-07-21 23:47:12'),
(192, 93, 'eos', 'Quisquam eligendi voluptatum ab velit. Saepe omnis est aperiam temporibus. Libero veniam ad veniam cumque rem quas unde.', 15, '2020-07-21 23:47:12', '2020-07-21 23:47:12'),
(193, 15, 'facere', 'Soluta et unde culpa ullam dicta. Magni aspernatur et sint temporibus delectus. Rem rerum doloribus aperiam inventore perspiciatis nemo. Accusamus dolor rerum deleniti id odit.', 3, '2020-07-21 23:47:12', '2020-07-21 23:47:12'),
(194, 61, 'quam', 'Nihil praesentium rerum sit doloremque est perspiciatis. Et exercitationem est est velit non repudiandae velit. Cumque odio rerum eos repellat aliquam tenetur qui. Blanditiis quos a velit voluptas pariatur et vel.', 24, '2020-07-21 23:47:12', '2020-07-21 23:47:12'),
(195, 34, 'ut', 'Est aut aliquid saepe aliquam velit ut illo ea. Ea amet aut sit ad. Sunt et numquam itaque ad laudantium quis quas.', 16, '2020-07-21 23:47:12', '2020-07-21 23:47:12'),
(196, 94, 'expedita', 'Est eaque sunt ea aliquid veniam consequatur architecto. Aut et molestiae consequuntur fugiat est exercitationem necessitatibus quaerat. Rerum eaque quam iusto aperiam voluptates. Et incidunt enim eos itaque sed sit.', 5, '2020-07-21 23:47:12', '2020-07-21 23:47:12'),
(197, 9, 'vel', 'Aliquid qui et quo qui maxime. Accusamus ab nobis temporibus. Dolores eum ab doloribus dolorem odio laborum. Molestiae inventore sint soluta quibusdam velit odio iste.', 26, '2020-07-21 23:47:12', '2020-07-21 23:47:12'),
(198, 80, 'veniam', 'Sint sint voluptatem ea molestiae quia qui placeat consequuntur. Quidem ipsam sequi quidem recusandae qui fuga. Et suscipit aliquid quidem qui.', 15, '2020-07-21 23:47:12', '2020-07-21 23:47:12'),
(199, 15, 'asperiores', 'Eos at qui id laborum ducimus alias. Exercitationem et numquam dolorem et laborum id distinctio. Et et rerum magnam et aut atque autem.', 12, '2020-07-21 23:47:12', '2020-07-21 23:47:12'),
(200, 78, 'enim', 'Nostrum ratione ducimus dolores laudantium quia. Laborum sit laudantium est ab mollitia est est provident. Nulla temporibus aspernatur saepe et. Dolor aspernatur eos sequi natus.', 25, '2020-07-21 23:47:12', '2020-07-21 23:47:12'),
(201, 97, 'aut', 'Quaerat maxime quae qui esse qui fugit. Voluptatem ut quia mollitia dolores adipisci nihil molestiae. Aliquam voluptatem modi omnis consequuntur quia ea. Dolor dolores nisi minus perspiciatis sunt odit ut.', 21, '2020-07-21 23:47:12', '2020-07-21 23:47:12'),
(202, 11, 'rem', 'Veritatis quia esse rerum eum ullam officiis. Quidem fugit vel enim tempore. Perferendis et cum debitis eveniet.', 14, '2020-07-21 23:47:12', '2020-07-21 23:47:12'),
(203, 24, 'laboriosam', 'Architecto possimus suscipit ipsa vel earum. Est repudiandae velit quia rerum distinctio et. Voluptates earum doloribus qui molestiae eligendi similique suscipit.', 15, '2020-07-21 23:47:12', '2020-07-21 23:47:12'),
(204, 61, 'tempore', 'Illum repellendus eligendi aspernatur officia sit. Porro consequuntur odit earum animi voluptatem laboriosam corrupti. Alias et nostrum enim culpa ea molestiae tempore ut. Tempore ut inventore dignissimos.', 20, '2020-07-21 23:47:12', '2020-07-21 23:47:12'),
(205, 47, 'voluptas', 'Nihil odio ab est quam quo voluptate. Voluptatem aut harum natus voluptatum. Impedit iure sit animi sit nobis nam et. Consectetur aut impedit magnam et. Omnis rerum earum amet eius voluptate.', 13, '2020-07-21 23:47:12', '2020-07-21 23:47:12'),
(206, 57, 'ratione', 'Soluta eius sit possimus at. Omnis maxime provident alias. Natus repudiandae voluptas sint distinctio. Sapiente quia ipsam cum rerum.', 3, '2020-07-21 23:47:12', '2020-07-21 23:47:12'),
(207, 46, 'eius', 'Cupiditate qui qui nemo qui provident rerum dolor. Velit voluptatibus autem eos quam facilis voluptate quaerat. Aut in sit at. Culpa consequuntur exercitationem tenetur consectetur voluptatem dolorum cumque debitis.', 29, '2020-07-21 23:47:12', '2020-07-21 23:47:12'),
(208, 14, 'molestiae', 'Quae amet ut tenetur eaque ratione dignissimos dolore cum. Velit dolorum tenetur hic vitae.', 7, '2020-07-21 23:47:12', '2020-07-21 23:47:12'),
(209, 48, 'voluptas', 'Dolores unde temporibus animi vel eum omnis. Assumenda autem iste quis ea aut deserunt fugiat. Commodi qui animi non tempora facilis.', 7, '2020-07-21 23:47:12', '2020-07-21 23:47:12'),
(210, 30, 'aut', 'Tempora voluptas libero molestiae ut voluptatem est et. Nostrum sunt id laboriosam sint magnam nemo consequuntur est. Iusto amet exercitationem quo aut veritatis quo voluptatem. Autem incidunt in magnam velit sit sit fugit.', 23, '2020-07-21 23:47:12', '2020-07-21 23:47:12'),
(211, 98, 'pariatur', 'Illo inventore molestias temporibus perspiciatis. Sit ipsum quos aut id est. Molestias et magni architecto quaerat molestiae aut.', 16, '2020-07-21 23:47:12', '2020-07-21 23:47:12'),
(212, 19, 'voluptas', 'Illum qui doloremque facere repellat. Voluptas eum voluptatem incidunt minus molestias. Voluptas et alias et sit ut. Tempore et nemo delectus nihil illum quis.', 15, '2020-07-21 23:47:12', '2020-07-21 23:47:12'),
(213, 100, 'vel', 'Repudiandae et consectetur alias omnis. Sunt nostrum non beatae non aut. Dolorem adipisci est fuga.', 3, '2020-07-21 23:47:12', '2020-07-21 23:47:12'),
(214, 94, 'dolores', 'Deleniti explicabo quod pariatur sunt. Aspernatur dolores laborum numquam et consequatur minima. Velit nostrum est exercitationem impedit alias.', 24, '2020-07-21 23:47:12', '2020-07-21 23:47:12'),
(215, 97, 'est', 'Rerum sed eveniet aut cupiditate. Occaecati numquam commodi quis sit rem ea. Atque beatae sint fugit et. Veritatis voluptatem beatae dolor.', 19, '2020-07-21 23:47:12', '2020-07-21 23:47:12'),
(216, 37, 'quia', 'Ipsum molestiae ea magnam eos rem saepe ipsam. Consequatur culpa quia vel incidunt laborum aut cupiditate. Consequuntur doloribus molestiae in et velit. Et inventore optio itaque et aut est.', 18, '2020-07-21 23:47:12', '2020-07-21 23:47:12'),
(217, 15, 'dolores', 'Ab omnis sunt quas optio. Qui accusantium sit iste omnis repellat. Consequuntur illo voluptates voluptas. Tempora corrupti praesentium qui veniam aut.', 14, '2020-07-21 23:47:12', '2020-07-21 23:47:12'),
(218, 10, 'neque', 'Et sed excepturi qui. Omnis quia aut ea dolorum sequi. Molestiae maxime id blanditiis voluptates.', 20, '2020-07-21 23:47:12', '2020-07-21 23:47:12');
INSERT INTO `reviews` (`id`, `product_id`, `customer`, `review`, `star`, `created_at`, `updated_at`) VALUES
(219, 3, 'ratione', 'Occaecati odio pariatur aut maxime labore ea. Est aut modi voluptatem placeat error velit aut. Nemo magni fugiat fugiat id nam. Quod corrupti perspiciatis aliquam enim temporibus rerum.', 6, '2020-07-21 23:47:12', '2020-07-21 23:47:12'),
(220, 14, 'nesciunt', 'Voluptatem qui quia ex fugiat voluptatum dolore exercitationem. Earum sint quia illum repellat doloribus sequi temporibus. Aut aperiam quos eos amet qui neque. Quam expedita rerum inventore earum.', 2, '2020-07-21 23:47:12', '2020-07-21 23:47:12'),
(221, 87, 'alias', 'Similique modi ex ipsum enim temporibus ab mollitia. Adipisci laudantium qui suscipit odio maxime sunt. Ipsum laudantium dolores ducimus dolores eaque magni amet.', 8, '2020-07-21 23:47:12', '2020-07-21 23:47:12'),
(222, 10, 'eius', 'Hic minus aut placeat a velit. Voluptas doloremque similique beatae. Ea sequi magnam aut quae quia.', 23, '2020-07-21 23:47:12', '2020-07-21 23:47:12'),
(223, 39, 'id', 'Eaque tenetur ut atque labore deserunt. Est placeat rerum exercitationem quo voluptatem. Provident quo eum harum dolorem.', 19, '2020-07-21 23:47:12', '2020-07-21 23:47:12'),
(224, 57, 'qui', 'Magni neque praesentium vel nihil et aut. Eligendi repellendus soluta nobis nulla numquam. Nesciunt quam ut fuga sit quae ut. Voluptas enim illum perferendis voluptatem asperiores ab.', 7, '2020-07-21 23:47:12', '2020-07-21 23:47:12'),
(225, 48, 'totam', 'Animi voluptatem et et culpa. Fuga aperiam at similique quis dolor. Harum enim excepturi autem vitae architecto quo qui. Et vel et hic nemo omnis aut dolor.', 15, '2020-07-21 23:47:12', '2020-07-21 23:47:12'),
(226, 30, 'voluptatibus', 'Voluptatem dolor corporis quia facilis voluptatibus et vel ea. Sed aut ducimus eum occaecati quos expedita labore. Consequuntur nihil soluta eum quia sit.', 15, '2020-07-21 23:47:12', '2020-07-21 23:47:12'),
(227, 69, 'sed', 'Eligendi laudantium voluptatem voluptate ducimus saepe praesentium. Nam unde eaque eveniet qui natus vel. Sint nostrum et modi qui sunt quaerat voluptate harum. Distinctio numquam qui et laudantium. Sunt ratione dolorum assumenda ipsa magnam.', 5, '2020-07-21 23:47:12', '2020-07-21 23:47:12'),
(228, 49, 'earum', 'Rem dolorum in enim est est sint. Temporibus qui eaque aut ad iste est. Ut quas nihil voluptatem vero voluptatum voluptatibus sed et. Eligendi quaerat eius officiis fuga. Delectus voluptatum vel autem dolor.', 6, '2020-07-21 23:47:12', '2020-07-21 23:47:12'),
(229, 25, 'optio', 'Modi eos fuga quia ut voluptas qui harum. Culpa ad ut exercitationem sed sequi corporis nesciunt. Expedita animi eveniet quo sint. Eius placeat est ut inventore doloremque.', 7, '2020-07-21 23:47:12', '2020-07-21 23:47:12'),
(230, 78, 'ipsa', 'Error dolor sit exercitationem labore laudantium. Quibusdam quia eos deserunt sed aliquam atque. Fugit voluptatem est et ipsam possimus dolores. Quia ex quibusdam ratione.', 17, '2020-07-21 23:47:12', '2020-07-21 23:47:12'),
(231, 84, 'non', 'Aut fuga voluptatum sunt accusamus. Et qui et quod debitis quasi repellendus consequatur. Dicta amet sit veniam corporis earum voluptas. Voluptas magnam sapiente incidunt voluptatem.', 7, '2020-07-21 23:47:12', '2020-07-21 23:47:12'),
(232, 95, 'dolorem', 'Aut ipsum suscipit voluptatem. Perspiciatis consequuntur aut quam et. Porro numquam voluptatem placeat.', 20, '2020-07-21 23:47:12', '2020-07-21 23:47:12'),
(233, 2, 'ex', 'Quaerat unde commodi soluta hic fugiat nihil. Ea qui asperiores pariatur itaque quaerat. Omnis illum quia error voluptatem.', 12, '2020-07-21 23:47:12', '2020-07-21 23:47:12'),
(234, 72, 'aut', 'Et dicta enim sed. Neque qui cupiditate quia perspiciatis ut consequuntur et. Omnis ipsum tempora illum doloribus impedit dicta. Itaque eligendi distinctio quisquam commodi.', 26, '2020-07-21 23:47:12', '2020-07-21 23:47:12'),
(235, 74, 'soluta', 'Sit quae exercitationem voluptate aut. Aliquid nam dolorum libero mollitia quis ea dolorum sint. Ut recusandae rem est tempora voluptas.', 5, '2020-07-21 23:47:12', '2020-07-21 23:47:12'),
(236, 91, 'ab', 'Impedit voluptatibus sed aut adipisci voluptate mollitia distinctio. Qui consequatur dolor cumque autem dolore sint modi. Ullam cupiditate facilis vel est nesciunt nesciunt.', 30, '2020-07-21 23:47:12', '2020-07-21 23:47:12'),
(237, 41, 'ea', 'Voluptates vel dolor ex et sunt a. Natus aut quos harum et in ab. Omnis est assumenda aperiam praesentium.', 23, '2020-07-21 23:47:12', '2020-07-21 23:47:12'),
(238, 61, 'velit', 'Facilis placeat dolorem quia eos enim. Est nemo eveniet quisquam omnis voluptatem. Est rerum est enim enim aliquam distinctio.', 7, '2020-07-21 23:47:12', '2020-07-21 23:47:12'),
(239, 48, 'totam', 'Ut temporibus in voluptatem impedit. Molestiae vitae maxime vel eos tempore iusto. Hic sint laboriosam commodi eius in architecto. Veritatis id libero maiores unde.', 30, '2020-07-21 23:47:12', '2020-07-21 23:47:12'),
(240, 95, 'vel', 'Ullam delectus harum necessitatibus asperiores. Nam qui nihil iure quo eos asperiores magni aut. Est laboriosam quas excepturi ipsum quia sequi. Quia explicabo consequuntur laborum.', 15, '2020-07-21 23:47:12', '2020-07-21 23:47:12'),
(241, 38, 'consequatur', 'Magni voluptas voluptates et voluptatibus magnam placeat. Hic illum numquam voluptas aliquid. Voluptas nisi vero minus harum fugit. Ut ea officia qui asperiores.', 21, '2020-07-21 23:47:12', '2020-07-21 23:47:12'),
(242, 20, 'iure', 'Neque ut ut sint blanditiis nam commodi quasi similique. Et quasi tempore consequatur fugiat fuga. Quidem consequatur sit harum mollitia. Autem fugiat voluptatum aut porro voluptatem culpa.', 23, '2020-07-21 23:47:12', '2020-07-21 23:47:12'),
(243, 28, 'aut', 'Rerum aliquid adipisci aut at voluptatum. Velit repellendus inventore voluptatibus ipsam reiciendis. Qui rerum nemo provident perferendis fugiat et nihil.', 12, '2020-07-21 23:47:12', '2020-07-21 23:47:12'),
(244, 71, 'nihil', 'Ex quis odio aut ut. Quia repellendus iure non sequi quis quas. Omnis illum molestiae nulla enim velit quidem culpa. A necessitatibus quia distinctio quaerat et eos sint.', 13, '2020-07-21 23:47:12', '2020-07-21 23:47:12'),
(245, 10, 'soluta', 'Molestias quam in laborum tempore. Quo possimus accusantium voluptates eos necessitatibus sequi voluptatem. Earum quaerat est qui deserunt optio qui. Voluptatem illo blanditiis blanditiis nisi quisquam reiciendis.', 21, '2020-07-21 23:47:12', '2020-07-21 23:47:12'),
(246, 38, 'est', 'Facere praesentium rerum explicabo ad. Sint quaerat reiciendis harum atque ex nesciunt ea possimus. Nam harum commodi similique consequuntur sunt fugiat id.', 28, '2020-07-21 23:47:12', '2020-07-21 23:47:12'),
(247, 99, 'voluptatem', 'Aut ut sunt quas rem et earum quia. Iure non et unde voluptas maiores alias. Corrupti velit inventore tempora est voluptate reiciendis et non.', 5, '2020-07-21 23:47:12', '2020-07-21 23:47:12'),
(248, 56, 'et', 'Iste quidem rerum est totam eos quibusdam voluptas. Quia consequatur sit doloribus consectetur soluta tempore expedita. Deserunt saepe hic natus dolorem aspernatur. Non nemo maiores laborum ut aut.', 19, '2020-07-21 23:47:12', '2020-07-21 23:47:12'),
(249, 9, 'voluptatum', 'Sint nisi ut quisquam adipisci minima quo. Dolore dolorem non delectus consequatur consequatur culpa consequatur. Expedita ab atque et similique et quia quam. Illum animi officia animi.', 3, '2020-07-21 23:47:12', '2020-07-21 23:47:12'),
(250, 16, 'rerum', 'Sed sit non ea nobis necessitatibus facere provident qui. Id ipsum magni et eum. Eveniet totam tenetur error non ut omnis vero. Incidunt aut sint voluptatem sapiente fuga voluptas. Dolorem iure dolore aut animi voluptatem.', 25, '2020-07-21 23:47:12', '2020-07-21 23:47:12'),
(251, 71, 'excepturi', 'Sit id et voluptatem numquam. Deleniti sunt magnam saepe modi. Vero occaecati rerum reprehenderit qui. Modi dolor voluptas sed quasi itaque occaecati ut.', 6, '2020-07-21 23:47:12', '2020-07-21 23:47:12'),
(252, 11, 'nihil', 'Ducimus quia soluta vitae et. Eos odit doloribus iusto nulla maiores nihil. Fugiat aperiam optio amet eum quisquam.', 2, '2020-07-21 23:47:12', '2020-07-21 23:47:12'),
(253, 1, 'consequatur', 'Ab rerum vero voluptatem accusantium. Est dolores ea quam aspernatur occaecati. Excepturi fugiat a sapiente voluptatem. Omnis tempora omnis vel voluptates porro at.', 23, '2020-07-21 23:47:12', '2020-07-21 23:47:12'),
(254, 80, 'magni', 'Nobis rerum cumque doloremque natus quis eos. Aspernatur suscipit dolorem ex dolorum sint non. Sunt omnis est quis et doloremque. Assumenda qui quo ullam voluptatibus harum eaque.', 25, '2020-07-21 23:47:12', '2020-07-21 23:47:12'),
(255, 99, 'odit', 'Minus nihil accusamus qui ea qui cum. Et repudiandae eos magni in non quis repellendus. Nemo autem voluptate quis aliquid omnis. Suscipit quaerat porro et qui ipsam voluptate adipisci.', 8, '2020-07-21 23:47:12', '2020-07-21 23:47:12'),
(256, 100, 'voluptatem', 'Ex voluptatem et iure minima voluptas enim ut. Qui qui fugit asperiores temporibus odit ut est velit. Itaque modi voluptatum mollitia mollitia eveniet.', 17, '2020-07-21 23:47:12', '2020-07-21 23:47:12'),
(257, 51, 'fugit', 'Dolorem quam dolores vitae ut. Rerum cupiditate tenetur reprehenderit aspernatur consectetur. Non quis quasi inventore aut pariatur vel qui. Dolores velit fugit incidunt.', 13, '2020-07-21 23:47:12', '2020-07-21 23:47:12'),
(258, 99, 'aut', 'Sint corrupti quas necessitatibus. Nisi nisi culpa autem. Aut alias quibusdam illo dolorem ut et consequatur. Enim dignissimos illum eum ex eos illum.', 6, '2020-07-21 23:47:12', '2020-07-21 23:47:12'),
(259, 66, 'quis', 'Laudantium ex quibusdam ut amet est nostrum. Molestias minima repellat neque sapiente non corrupti rerum. Dicta itaque ipsam omnis. Odio a soluta numquam maiores id voluptatem. Ipsam eos fugiat velit in.', 22, '2020-07-21 23:47:12', '2020-07-21 23:47:12'),
(260, 61, 'necessitatibus', 'Id reprehenderit quibusdam et est consequatur. At nihil dolores quibusdam natus et porro. Dolores ex dolorem magnam perferendis ex consequatur. Aut id soluta quia fugit sed enim architecto.', 15, '2020-07-21 23:47:12', '2020-07-21 23:47:12'),
(261, 13, 'natus', 'Ipsa ut qui inventore dignissimos consectetur amet. Dicta maiores autem quibusdam deleniti dolore est est. Modi nam ab est in sit aut velit.', 20, '2020-07-21 23:47:12', '2020-07-21 23:47:12'),
(262, 46, 'neque', 'Aut saepe dolorem et ut molestias veniam vitae. Ex sunt dolores est ratione odit soluta labore ad. Similique consequatur consectetur voluptatum et atque ut. Totam sunt libero nisi.', 17, '2020-07-21 23:47:12', '2020-07-21 23:47:12'),
(263, 6, 'nam', 'Est molestias doloribus cumque non dolorem expedita nobis. Ipsum laudantium voluptas saepe. Vitae vero quia at est dolores dolor illum.', 25, '2020-07-21 23:47:12', '2020-07-21 23:47:12'),
(264, 21, 'omnis', 'Minus expedita a dolorem sit. Omnis optio autem provident ad nemo quia. Possimus ipsam quia voluptas non ad perspiciatis.', 30, '2020-07-21 23:47:12', '2020-07-21 23:47:12'),
(265, 91, 'cupiditate', 'Possimus ut qui et ipsa qui nisi sit eos. Omnis dolor enim maiores voluptatem harum provident non. Voluptatibus accusamus consectetur perspiciatis ut. Quasi aspernatur fugit itaque adipisci dolores pariatur in.', 23, '2020-07-21 23:47:12', '2020-07-21 23:47:12'),
(266, 29, 'et', 'Itaque alias ut sed alias necessitatibus. Dolorem illum ratione consequuntur est rerum nemo commodi non.', 29, '2020-07-21 23:47:12', '2020-07-21 23:47:12'),
(267, 96, 'eius', 'Deserunt omnis hic quos in vel quo nostrum quis. Ut ut dolores ex architecto aperiam sed. Quas unde consequatur sit tempore. Sed voluptatibus illo sed voluptates est.', 28, '2020-07-21 23:47:12', '2020-07-21 23:47:12'),
(268, 87, 'porro', 'Natus voluptas est voluptatibus ut provident voluptatum corporis. Fugit numquam sint voluptates qui. Qui in qui ut.', 22, '2020-07-21 23:47:12', '2020-07-21 23:47:12'),
(269, 72, 'rem', 'Id voluptatem autem nihil rerum. Tempora cum eius numquam optio. Eligendi eveniet placeat eum dignissimos autem soluta.', 13, '2020-07-21 23:47:12', '2020-07-21 23:47:12'),
(270, 14, 'consequatur', 'Repellat voluptas dolores sequi placeat. Qui officiis doloremque quae accusantium ut ut. Possimus sed aut qui eveniet nihil animi.', 26, '2020-07-21 23:47:12', '2020-07-21 23:47:12'),
(271, 57, 'reprehenderit', 'Est neque quas nisi quibusdam quia asperiores possimus non. Illo quo quam facilis id rerum eligendi quia quis. Aut cupiditate quia laborum ipsum ad reprehenderit.', 16, '2020-07-21 23:47:12', '2020-07-21 23:47:12'),
(272, 83, 'officiis', 'Libero ea neque error assumenda delectus eos. Qui tempore deleniti ratione similique temporibus provident. Officiis repellendus animi illo libero.', 3, '2020-07-21 23:47:12', '2020-07-21 23:47:12'),
(273, 46, 'nam', 'Ipsa quasi inventore officiis sunt autem voluptatibus eos. Odio et sunt natus eligendi autem. Molestias a eos qui ullam voluptatem dolore exercitationem. Commodi nesciunt aut aut accusamus quo perspiciatis quis.', 21, '2020-07-21 23:47:12', '2020-07-21 23:47:12'),
(274, 13, 'earum', 'Voluptates quam veritatis similique. Adipisci minus assumenda et veritatis vel aliquid officia. Cupiditate totam ut autem et labore esse.', 17, '2020-07-21 23:47:12', '2020-07-21 23:47:12'),
(275, 9, 'nesciunt', 'Quia eveniet autem sed suscipit mollitia nostrum reiciendis. Et velit aliquid fugit dolore laborum. Eaque officiis optio officia optio expedita et sed. Temporibus veniam voluptate illum animi ducimus mollitia.', 26, '2020-07-21 23:47:12', '2020-07-21 23:47:12'),
(276, 82, 'non', 'Nisi eum deserunt quis labore dignissimos nihil quae laboriosam. Quo iste nostrum non consequuntur voluptatem perferendis repellat. Omnis ea qui asperiores exercitationem alias ea qui. Consequatur sunt quae nisi possimus.', 9, '2020-07-21 23:47:12', '2020-07-21 23:47:12'),
(277, 29, 'rerum', 'Assumenda voluptatem ratione pariatur quis sint. Quaerat aliquam perspiciatis accusantium quibusdam sed. Totam modi a voluptatem quibusdam velit occaecati eos.', 19, '2020-07-21 23:47:12', '2020-07-21 23:47:12'),
(278, 62, 'delectus', 'Quidem quos minima reiciendis et qui ut quaerat. In et ea sequi. Eos velit et unde eveniet perspiciatis libero vitae. Quia aut a non id qui.', 24, '2020-07-21 23:47:12', '2020-07-21 23:47:12'),
(279, 52, 'sit', 'Tempora vitae laborum magnam molestiae quo quia quaerat. Veritatis quasi fugit corporis sunt tenetur velit explicabo. Aliquid repellendus dolorem vero et expedita doloribus.', 2, '2020-07-21 23:47:12', '2020-07-21 23:47:12'),
(280, 36, 'voluptas', 'Rerum minima sit molestiae officia a cum tempore. Veniam voluptatum id ut qui quod laboriosam ducimus eum. Possimus omnis in quis recusandae accusantium recusandae voluptatem. Culpa rem maxime aut beatae harum.', 11, '2020-07-21 23:47:12', '2020-07-21 23:47:12'),
(281, 57, 'voluptatibus', 'A eaque eum vel sed autem nihil. Est facere voluptatem omnis. Sunt ipsam quia ab voluptates quidem. Sit ut est fugiat corporis.', 9, '2020-07-21 23:47:12', '2020-07-21 23:47:12'),
(282, 4, 'sapiente', 'Et aut odit aut. Ab enim qui ipsa voluptas recusandae qui dolore. A occaecati deleniti nihil consequatur et sit cum.', 28, '2020-07-21 23:47:12', '2020-07-21 23:47:12'),
(283, 67, 'et', 'Aut magni maiores minus ipsa accusantium corrupti officiis esse. Dolor id amet quia qui et. Similique quo illo eos et praesentium.', 11, '2020-07-21 23:47:12', '2020-07-21 23:47:12'),
(284, 23, 'amet', 'Quae quaerat occaecati labore. Et sint vel recusandae iste iusto ut. Facilis non aut libero et eligendi unde omnis.', 3, '2020-07-21 23:47:12', '2020-07-21 23:47:12'),
(285, 60, 'optio', 'Nostrum sunt voluptatibus explicabo a sunt. Sequi omnis blanditiis qui id commodi exercitationem iusto. Expedita eveniet quis quibusdam consequatur tempore doloribus tempora.', 25, '2020-07-21 23:47:12', '2020-07-21 23:47:12'),
(286, 95, 'alias', 'Quia pariatur eum pariatur aliquam et. Omnis non nulla rem nisi consequatur. Provident alias reprehenderit vero officiis.', 9, '2020-07-21 23:47:12', '2020-07-21 23:47:12'),
(287, 65, 'facilis', 'Qui nobis aliquid odit. Eveniet sunt adipisci omnis sit assumenda illum. Sed doloribus blanditiis praesentium nulla omnis quod.', 12, '2020-07-21 23:47:12', '2020-07-21 23:47:12'),
(288, 13, 'libero', 'Facilis voluptatem accusantium ut libero. Velit ducimus natus est voluptatem quis tenetur. Dolores fuga voluptatem quasi dolor sunt et.', 17, '2020-07-21 23:47:13', '2020-07-21 23:47:13'),
(289, 31, 'ex', 'Necessitatibus laboriosam magnam maiores mollitia nemo. Quis at distinctio a optio quae nesciunt vel. Eum minus maxime consectetur a vero itaque adipisci. Excepturi praesentium inventore aut occaecati quia voluptates. Aspernatur quia qui veritatis consequatur alias qui quaerat.', 9, '2020-07-21 23:47:13', '2020-07-21 23:47:13'),
(290, 37, 'aliquid', 'Velit sed molestiae modi nostrum. Natus dolore quo possimus veniam itaque quibusdam adipisci corrupti. Ex aut quia pariatur tenetur numquam deserunt. Architecto eligendi similique vel autem quia.', 19, '2020-07-21 23:47:13', '2020-07-21 23:47:13'),
(291, 21, 'inventore', 'Nemo dolor eum blanditiis laborum voluptas. Facere eum eum quod expedita qui. Vel nisi vel et qui error consectetur et.', 15, '2020-07-21 23:47:13', '2020-07-21 23:47:13'),
(292, 12, 'aliquam', 'Voluptatem ut commodi voluptas similique perferendis optio tempora. Eligendi consequuntur provident autem aut dolor ipsa et. Reprehenderit rerum sed quia omnis.', 15, '2020-07-21 23:47:13', '2020-07-21 23:47:13'),
(293, 92, 'optio', 'Ea sed non omnis pariatur. Cum tenetur a et. Iusto fugit voluptas repellat temporibus molestias. Et non officiis natus officia at et.', 2, '2020-07-21 23:47:13', '2020-07-21 23:47:13'),
(294, 76, 'alias', 'Ipsa tenetur natus sapiente aperiam. Fuga consequatur iste non dicta quis optio provident nobis. Sequi consequatur voluptates voluptatum natus. Quo beatae voluptatem vitae a.', 28, '2020-07-21 23:47:13', '2020-07-21 23:47:13'),
(295, 75, 'aliquam', 'Quia distinctio tempora et alias. Architecto velit ut doloribus rerum. Maxime iusto odit ipsam voluptatem nihil omnis qui.', 8, '2020-07-21 23:47:13', '2020-07-21 23:47:13'),
(296, 43, 'aut', 'Dolores recusandae totam exercitationem. Minima quod sit ratione et voluptatem alias. Exercitationem at cupiditate id ipsam est cum. Aut sit asperiores temporibus nihil.', 26, '2020-07-21 23:47:13', '2020-07-21 23:47:13'),
(297, 17, 'vel', 'Voluptas praesentium corrupti minus. Occaecati dicta enim architecto velit facilis. Quos sapiente et hic ab corrupti perspiciatis labore.', 22, '2020-07-21 23:47:13', '2020-07-21 23:47:13'),
(298, 70, 'repudiandae', 'Porro temporibus nostrum at unde et quos autem. Sit quia cumque delectus et est voluptatum ipsum. Hic esse amet occaecati dolores. Eum dolorem recusandae dignissimos reprehenderit optio qui culpa et.', 26, '2020-07-21 23:47:13', '2020-07-21 23:47:13'),
(299, 4, 'et', 'Facere est sunt aliquid molestiae. Repudiandae omnis eum nulla id dolorum. Consequatur et aut provident aliquam autem. Eligendi est qui dolorem voluptas corrupti nobis.', 9, '2020-07-21 23:47:13', '2020-07-21 23:47:13'),
(300, 63, 'consequatur', 'Excepturi voluptas et atque nihil. Hic enim modi quam. Saepe quia earum nulla dolore.', 27, '2020-07-21 23:47:13', '2020-07-21 23:47:13');

-- --------------------------------------------------------

--
-- Table structure for table `users`
--

CREATE TABLE `users` (
  `id` bigint(20) UNSIGNED NOT NULL,
  `name` varchar(255) COLLATE utf8mb4_unicode_ci NOT NULL,
  `email` varchar(255) COLLATE utf8mb4_unicode_ci NOT NULL,
  `email_verified_at` timestamp NULL DEFAULT NULL,
  `password` varchar(255) COLLATE utf8mb4_unicode_ci NOT NULL,
  `remember_token` varchar(100) COLLATE utf8mb4_unicode_ci DEFAULT NULL,
  `created_at` timestamp NULL DEFAULT NULL,
  `updated_at` timestamp NULL DEFAULT NULL
) ENGINE=InnoDB DEFAULT CHARSET=utf8mb4 COLLATE=utf8mb4_unicode_ci;

--
-- Indexes for dumped tables
--

--
-- Indexes for table `failed_jobs`
--
ALTER TABLE `failed_jobs`
  ADD PRIMARY KEY (`id`);

--
-- Indexes for table `migrations`
--
ALTER TABLE `migrations`
  ADD PRIMARY KEY (`id`);

--
-- Indexes for table `products`
--
ALTER TABLE `products`
  ADD PRIMARY KEY (`id`);

--
-- Indexes for table `reviews`
--
ALTER TABLE `reviews`
  ADD PRIMARY KEY (`id`);

--
-- Indexes for table `users`
--
ALTER TABLE `users`
  ADD PRIMARY KEY (`id`),
  ADD UNIQUE KEY `users_email_unique` (`email`);

--
-- AUTO_INCREMENT for dumped tables
--

--
-- AUTO_INCREMENT for table `failed_jobs`
--
ALTER TABLE `failed_jobs`
  MODIFY `id` bigint(20) UNSIGNED NOT NULL AUTO_INCREMENT;

--
-- AUTO_INCREMENT for table `migrations`
--
ALTER TABLE `migrations`
  MODIFY `id` int(10) UNSIGNED NOT NULL AUTO_INCREMENT, AUTO_INCREMENT=4;

--
-- AUTO_INCREMENT for table `products`
--
ALTER TABLE `products`
  MODIFY `id` int(10) UNSIGNED NOT NULL AUTO_INCREMENT, AUTO_INCREMENT=101;

--
-- AUTO_INCREMENT for table `reviews`
--
ALTER TABLE `reviews`
  MODIFY `id` int(10) UNSIGNED NOT NULL AUTO_INCREMENT, AUTO_INCREMENT=301;

--
-- AUTO_INCREMENT for table `users`
--
ALTER TABLE `users`
  MODIFY `id` bigint(20) UNSIGNED NOT NULL AUTO_INCREMENT;
COMMIT;

/*!40101 SET CHARACTER_SET_CLIENT=@OLD_CHARACTER_SET_CLIENT */;
/*!40101 SET CHARACTER_SET_RESULTS=@OLD_CHARACTER_SET_RESULTS */;
/*!40101 SET COLLATION_CONNECTION=@OLD_COLLATION_CONNECTION */;
